keyword,cluster,intentie,pagina_tinta,avem_pagina,prioritate,cautari_lunare,cautari_interval,concurenta_ads,cpc_low_ron,cpc_high_ron,in_autocomplete,competitori_nr,competitori,title_propus,h1_propus
creare site web,creare-site,comercial,/creare-site-web/,avem,P0,5000,1.000–10.000,Medium,8.48,23.59,da,10,bromedia.ro; digitalcuisine.ro; digitalpath.ro; divasweb.ro; mipadoweb.ro; oricemedia.ro; rauden.ro; seomark.ro; sonic-web-design.ro; webhero.ro,Creare site web București | prezentare și landing page,Creare site web de prezentare în București
creare site,creare-site,comercial,/creare-site-web/,avem,P0,5000,1.000–10.000,Medium,8.48,23.59,da,13,agentiewebdesignbucuresti.ro; bromedia.ro; digitalcuisine.ro; digitalpath.ro; divasweb.ro; mipadoweb.ro; oricemedia.ro; rauden.ro; seomark.ro; sonic-web-design.ro; webdesignersalley.ro; webhero.ro; webis.ro,,
creare site de prezentare,creare-site,comercial,/creare-site-web/,avem,P0,500,100–1.000,Medium,6.87,16.39,da,3,bromedia.ro; digitalcuisine.ro; webis.ro,,
realizare site web,creare-site,comercial,/creare-site-web/,avem,P1,500,100–1.000,Low,8.94,22.90,da,1,oricemedia.ro,,
web design bucuresti,creare-site,comercial,/creare-site-web/,avem,P0,500,100–1.000,Medium,6.20,17.10,nu,5,agentiewebdesignbucuresti.ro; digitalpath.ro; searchads.ro; sonic-web-design.ro; webdesignersalley.ro,,
creare site wordpress,creare-site,comercial,/creare-site-web/,avem,P1,500,100–1.000,Low,4.81,16.21,da,4,oricemedia.ro; seomark.ro; webdesignersalley.ro; webis.ro,,
creare landing page,creare-site,comercial,/creare-site-web/,avem,P1,50,10–100,,,,nu,0,,,
creare site firma,creare-site,comercial,/creare-site-web/,avem,P1,50,10–100,Medium,10.17,17.98,da,1,webis.ro,,
firma creare site web,creare-site,comercial,/creare-site-web/,avem,P1,50,10–100,High,13.81,20.41,nu,0,,,
creare magazin online,magazin-online,comercial,de creat: /creare-magazin-online/,nu,P0,5000,1.000–10.000,Medium,14.82,39.68,da,13,agentiewebdesignbucuresti.ro; bromedia.ro; digitalcuisine.ro; digitalpath.ro; divasweb.ro; mipadoweb.ro; oricemedia.ro; rauden.ro; seomark.ro; sonic-web-design.ro; webdesignersalley.ro; webhero.ro; webis.ro,Creare magazin online | WordPress și Shopify,Creare magazin online pentru afacerea ta
creare site web bucuresti,creare-site,comercial,/creare-site-web/,avem,P0,500,100–1.000,Low,6.06,14.81,da,1,digitalcuisine.ro,,
site de prezentare pret,pret,comercial,de creat: /preturi/,nu,P0,50,10–100,Medium,5.41,14.93,da,0,,,
refacere site,creare-site,comercial,/creare-site-web/,avem,P2,50,10–100,Medium,4.44,13.96,nu,2,digitalpath.ro; sonic-web-design.ro,,
redesign site,creare-site,comercial,/creare-site-web/,avem,P2,50,10–100,Medium,4.34,12.42,nu,0,,,
servicii seo,seo,comercial,/servicii-seo/,avem,P0,5000,1.000–10.000,Low,4.92,14.78,da,7,divasweb.ro; re7consulting.ro; searchads.ro; seomark.ro; servicii-seo.com; spartanseo.ro; webdesignersalley.ro,Servicii SEO București | optimizare site Google,Servicii de optimizare SEO pentru Google
optimizare seo,seo,comercial,/servicii-seo/,avem,P0,5000,1.000–10.000,Low,4.96,20.01,da,12,agentiewebdesignbucuresti.ro; digitalcuisine.ro; mipadoweb.ro; oricemedia.ro; rauden.ro; re7consulting.ro; searchads.ro; seomark.ro; servicii-seo.com; sonic-web-design.ro; spartanseo.ro; webhero.ro,,
agentie seo,seo,comercial,/servicii-seo/,avem,P0,5000,1.000–10.000,Medium,5.04,15.47,nu,5,divasweb.ro; oricemedia.ro; re7consulting.ro; seomark.ro; webhero.ro,,
agentie seo bucuresti,seo,comercial,/servicii-seo/,avem,P0,500,100–1.000,Medium,4.92,13.74,nu,2,seomark.ro; webhero.ro,,
servicii seo bucuresti,seo,comercial,/servicii-seo/,avem,P0,500,100–1.000,Medium,4.86,14.77,da,2,servicii-seo.com; spartanseo.ro,,
audit seo,seo,comercial,de creat: /audit-seo-gratuit/,nu,P0,500,100–1.000,Medium,3.61,12.76,da,5,digitalpath.ro; mipadoweb.ro; searchads.ro; seomark.ro; spartanseo.ro,Audit SEO gratuit | Echipa de Tocilari,Audit SEO gratuit pentru site-ul tău
audit seo gratuit,seo,comercial,de creat: /audit-seo-gratuit/,nu,P0,500,100–1.000,Low,3.60,5.89,da,3,mipadoweb.ro; seomark.ro; spartanseo.ro,,
seo local,seo,comercial,de creat: /seo-local/,nu,P1,50,10–100,Low,3.80,15.81,nu,1,mipadoweb.ro,SEO local București | Google Business Profile,SEO local pentru afaceri din București
optimizare seo magazin online,seo,comercial,/servicii-seo/,avem,P1,500,100–1.000,Low,9.44,26.26,da,0,,,
consultant seo,seo,comercial,/servicii-seo/,avem,P1,500,100–1.000,Low,4.92,18.27,nu,0,,,
optimizare site google,seo,comercial,/servicii-seo/,avem,P1,500,100–1.000,Low,4.63,17.07,nu,1,sonic-web-design.ro,,
servicii seo ai,seo,comercial,/servicii-seo/,avem,P2,,n/d,,,,da,0,,,
google ads,ppc,comercial,/pay-per-click/,avem,P0,50000,10.000–100.000,Medium,17.69,558.34,da,9,bromedia.ro; digitalcuisine.ro; divasweb.ro; oricemedia.ro; rauden.ro; re7consulting.ro; searchads.ro; seomark.ro; webis.ro,Campanii Google Ads București | administrare PPC,Campanii Google Ads
agentie google ads,ppc,comercial,/pay-per-click/,avem,P0,500,100–1.000,Medium,6.91,49.17,nu,1,re7consulting.ro,,
campanii google ads,ppc,comercial,/pay-per-click/,avem,P0,500,100–1.000,Medium,9.51,99.13,nu,3,oricemedia.ro; rauden.ro; searchads.ro,,
promovare google,ppc,comercial,/pay-per-click/,avem,P1,500,100–1.000,Medium,18.05,476.17,nu,3,bromedia.ro; rauden.ro; webdesignersalley.ro,,
administrare google ads,ppc,comercial,/pay-per-click/,avem,P1,50,10–100,Medium,,,nu,0,,,
facebook ads,social-ads,comercial,de creat: /agentie-facebook-ads/,nu,P2,5000,1.000–10.000,Medium,9.86,90.34,nu,7,mipadoweb.ro; oricemedia.ro; re7consulting.ro; searchads.ro; seomark.ro; webhero.ro; webis.ro,,
meta ads,social-ads,comercial,de creat: /agentie-facebook-ads/,nu,P2,5000,1.000–10.000,Medium,10.67,90.34,nu,1,searchads.ro,,
pay per click,ppc,comercial,/pay-per-click/,avem,P2,50,10–100,Low,2.12,28.40,nu,0,,,
promovare site pe google,ppc,comercial,/pay-per-click/,avem,P1,50,10–100,High,14.37,84.95,da,0,,,
administrare site,mentenanta,comercial,/administrare-site/,avem,P0,500,100–1.000,Medium,10.64,70.44,da,3,digitalpath.ro; oricemedia.ro; webhero.ro,Administrare și mentenanță site | Echipa de Tocilari,Administrare și mentenanță site web
mentenanta site,mentenanta,comercial,/administrare-site/,avem,P0,500,100–1.000,Medium,5.70,71.46,da,5,divasweb.ro; oricemedia.ro; seomark.ro; webhero.ro; webis.ro,,
mentenanta wordpress,mentenanta,comercial,/administrare-site/,avem,P1,50,10–100,Low,3.01,6.61,nu,1,digitalpath.ro,,
mentenanta site web,mentenanta,comercial,/administrare-site/,avem,P0,500,100–1.000,Low,,,da,4,divasweb.ro; oricemedia.ro; seomark.ro; webhero.ro,,
optimizare viteza site,mentenanta,comercial,/administrare-site/,avem,P1,50,10–100,Low,,,nu,0,,,
securitate site,mentenanta,comercial,/administrare-site/,avem,P2,50,10–100,Low,,,nu,0,,,
migrare site,mentenanta,comercial,/administrare-site/,avem,P2,50,10–100,High,,,nu,0,,,
abonament mentenanta site,mentenanta,comercial,/administrare-site/,avem,P1,,n/d,,,,nu,0,,,
cat costa mentenanta unui site,mentenanta,comercial,/administrare-site/,avem,P1,,n/d,,,,da,0,,,
agentie marketing online,agentie,comercial,/,avem,P0,500,100–1.000,Medium,19.10,78.70,da,4,divasweb.ro; searchads.ro; seomark.ro; webhero.ro,Agenție marketing online București | Echipa de Tocilari,Agenție de marketing online și dezvoltare web în București
agentie marketing digital,agentie,comercial,/,avem,P0,500,100–1.000,Medium,15.58,78.71,nu,0,,,
agentie marketing bucuresti,agentie,comercial,/,avem,P0,500,100–1.000,Medium,7.86,23.30,nu,0,,,
agentie marketing online bucuresti,agentie,comercial,/,avem,P0,50,10–100,Low,12.82,35.75,da,2,seomark.ro; webhero.ro,,
promovare online,agentie,comercial,/,avem,P1,500,100–1.000,Medium,5.22,42.48,da,5,digitalcuisine.ro; mipadoweb.ro; oricemedia.ro; re7consulting.ro; seomark.ro,,
marketing online firme mici,agentie,comercial,/,avem,P2,,n/d,,,,nu,0,,,
strategie marketing digital,agentie,comercial,/services/,avem,P2,50,10–100,Low,,,nu,0,,,
agentie web design bucuresti,agentie,comercial,/,avem,P0,500,100–1.000,Low,6.77,20.18,nu,3,agentiewebdesignbucuresti.ro; digitalpath.ro; webdesignersalley.ro,,
cat costa un site web,pret,comercial,de creat: /preturi/,nu,P0,500,100–1.000,Medium,4.36,10.13,nu,2,digitalpath.ro; sonic-web-design.ro,Cât costă un site web în 2026 | prețuri orientative,Cât costă un site web în România
pret creare site,pret,comercial,de creat: /preturi/,nu,P0,500,100–1.000,Medium,5.50,14.81,nu,2,bromedia.ro; digitalcuisine.ro,,
creare site pret,pret,comercial,de creat: /preturi/,nu,P0,,n/d,,,,da,1,webdesignersalley.ro,,
cat costa seo,pret,comercial,de creat: /preturi/,nu,P0,50,10–100,Low,,,nu,0,,,
pret optimizare seo,pret,comercial,de creat: /preturi/,nu,P0,50,10–100,Medium,3.43,7.89,nu,0,,,
servicii seo pret,pret,comercial,de creat: /preturi/,nu,P1,500,100–1.000,Low,3.81,8.39,da,0,,,
cat costa un magazin online,pret,comercial,de creat: /preturi/,nu,P0,50,10–100,Medium,5.00,18.69,nu,0,,,
administrare site pret,pret,comercial,de creat: /preturi/,nu,P1,50,10–100,Low,,,da,0,,,
mentenanta site pret,pret,comercial,de creat: /preturi/,nu,P1,50,10–100,High,3.98,41.83,da,0,,,
seo sau google ads,pret,informational,de creat: articol blog,nu,P1,,n/d,,,,nu,0,,,
ce este seo,info,informational,de creat: articol blog,nu,P2,500,100–1.000,Medium,0.94,4.93,nu,4,bromedia.ro; seomark.ro; spartanseo.ro; webis.ro,,
cum apari pe prima pagina google,info,informational,de creat: articol blog,nu,P1,,n/d,,,,nu,0,,,
cum imi fac magazin online,info,informational,de creat: articol blog,nu,P2,,n/d,,,,nu,0,,,
cum optimizez google business profile,info,informational,de creat: /seo-local/,nu,P2,,n/d,,,,nu,0,,,
greseli seo,info,informational,de creat: articol blog,nu,P2,,n/d,,,,nu,0,,,
cum aleg o agentie de marketing,info,informational,/about-2/,avem,P2,,n/d,,,,nu,0,,,
creare site restaurant,verticale,comercial,de creat: /site-web-restaurant/,nu,P1,50,10–100,Medium,,,da,1,webis.ro,,
site pentru restaurant,verticale,comercial,de creat: /site-web-restaurant/,nu,P1,,n/d,,,,nu,0,,,
creare site cabinet stomatologic,verticale,comercial,de creat: /site-web-cabinet-stomatologic/,nu,P1,,n/d,,,,nu,0,,,
site pentru cabinet stomatologic,verticale,comercial,de creat: /site-web-cabinet-stomatologic/,nu,P1,,n/d,,,,nu,0,,,
site pentru clinica veterinara,verticale,comercial,de creat: /site-web-clinica-veterinara/,nu,P1,,n/d,,,,nu,0,,,
site pentru pensiune,verticale,comercial,de creat: /site-web-pensiune-hotel/,nu,P2,,n/d,,,,nu,0,,,
seo pentru avocati,verticale,comercial,de creat: /seo-pentru-avocati/,nu,P2,,n/d,,,,nu,0,,,
creare site avocat,verticale,comercial,de creat: /seo-pentru-avocati/,nu,P2,50,10–100,Low,,,da,0,,,
creare site agentie imobiliara,verticale,comercial,de creat: verticală imobiliare,nu,P2,50,10–100,High,,,da,1,webis.ro,,
site pentru salon,verticale,comercial,de creat: verticală salon,nu,P2,,n/d,,,,nu,0,,,
logo design,brand,comercial,/logo-design/,avem,P1,500,100–1.000,Medium,1.27,7.31,nu,2,oricemedia.ro; webis.ro,Logo design și identitate vizuală | Echipa de Tocilari,Logo design și identitate vizuală
creare logo,brand,comercial,/logo-design/,avem,P1,500,100–1.000,Medium,1.29,5.64,nu,1,oricemedia.ro,,
identitate vizuala,brand,comercial,/logo-design/,avem,P2,500,100–1.000,Low,1.92,6.14,nu,3,divasweb.ro; oricemedia.ro; sonic-web-design.ro,,
portofoliu web design,brand,navigational,/portofoliu/,avem,P2,50,10–100,Low,,,nu,3,digitalcuisine.ro; webdesignersalley.ro; webhero.ro,Portofoliu web design | Echipa de Tocilari,Portofoliu de web design
contact agentie marketing,brand,navigational,/contact/,avem,P2,,n/d,,,,nu,0,,Contact | consultație marketing București,Contactează agenția de marketing online
agentie web design,agentie,comercial,/,avem,P0,500,100–1.000,Medium,7.66,31.48,nu,10,agentiewebdesignbucuresti.ro; bromedia.ro; digitalcuisine.ro; digitalpath.ro; divasweb.ro; mipadoweb.ro; re7consulting.ro; webdesignersalley.ro; webhero.ro; wsite.ro,,
dezvoltare web,agentie,comercial,/,avem,P0,500,100–1.000,Medium,5.41,19.71,nu,1,sonic-web-design.ro,,
agentie de marketing online,agentie,comercial,/,avem,P0,500,100–1.000,Medium,19.70,78.72,da,2,divasweb.ro; re7consulting.ro,,
agentie de marketing digital,agentie,comercial,/,avem,P1,500,100–1.000,Medium,17.80,67.21,nu,1,re7consulting.ro,,
agentii marketing online,agentie,comercial,/,avem,P1,500,100–1.000,Medium,19.10,78.70,nu,0,,,
agentie digitala,agentie,comercial,/,avem,P2,50,10–100,Medium,19.74,78.70,nu,2,divasweb.ro; sonic-web-design.ro,,
agentie digitala bucuresti,agentie,comercial,/,avem,P2,50,10–100,Medium,,,nu,0,,,
agentie digital,agentie,comercial,/,avem,P2,50,10–100,High,,,nu,2,divasweb.ro; sonic-web-design.ro,,
agentie dezvoltare web,agentie,comercial,/,avem,P2,,n/d,,,,nu,0,,,
agentie performance marketing,agentie,comercial,/,avem,P2,50,10–100,High,9.92,24.54,nu,0,,,
servicii digitale,agentie,comercial,/services/,avem,P2,50,10–100,Low,,,nu,2,digitalcuisine.ro; divasweb.ro,,
servicii it pentru firme,agentie,comercial,/services/,avem,P2,,n/d,,,,nu,0,,,
firma it bucuresti,adiacent,comercial,nu urmărim: alt cumpărător,nu,P2,500,100–1.000,Medium,3.26,14.73,nu,0,,,
externalizare it,adiacent,comercial,nu urmărim: alt cumpărător,nu,P2,500,100–1.000,Medium,6.88,18.17,nu,0,,,
firma software,adiacent,comercial,nu urmărim: alt cumpărător,nu,P2,50,10–100,Medium,3.18,11.70,nu,1,divasweb.ro,,
firma software bucuresti,adiacent,comercial,nu urmărim: alt cumpărător,nu,P2,50,10–100,Medium,3.09,12.03,nu,0,,,
firma de software,adiacent,comercial,nu urmărim: alt cumpărător,nu,P2,50,10–100,Medium,5.24,14.15,nu,1,divasweb.ro,,
companie software,adiacent,comercial,nu urmărim: alt cumpărător,nu,P2,50,10–100,High,,,nu,0,,,
firma software cluj,adiacent,comercial,nu urmărim: alt cumpărător,nu,P2,,n/d,,,,nu,1,divasweb.ro,,
creare site magazin online,magazin-online,comercial,de creat: /creare-magazin-online/,nu,P0,500,100–1.000,Medium,14.85,66.24,da,1,seomark.ro,,
creare magazine online,magazin-online,comercial,de creat: /creare-magazin-online/,nu,P0,500,100–1.000,Medium,18.75,97.71,nu,1,webhero.ro,,
realizare magazin online,magazin-online,comercial,de creat: /creare-magazin-online/,nu,P0,500,100–1.000,Low,14.24,54.46,nu,3,bromedia.ro; webdesignersalley.ro; webhero.ro,,
creare magazin online bucuresti,magazin-online,comercial,de creat: /creare-magazin-online/,nu,P0,500,100–1.000,Low,14.15,58.59,da,1,agentiewebdesignbucuresti.ro,,
creare magazin online wordpress,magazin-online,comercial,de creat: /creare-magazin-online/,nu,P0,500,100–1.000,Low,7.28,16.79,da,2,digitalpath.ro; sonic-web-design.ro,,
creare magazin online shopify,magazin-online,comercial,de creat: /creare-magazin-online/,nu,P0,500,100–1.000,Medium,4.47,16.21,da,1,sonic-web-design.ro,,
creare magazin online la cheie,magazin-online,comercial,de creat: /creare-magazin-online/,nu,P0,500,100–1.000,Medium,14.77,33.18,da,2,rauden.ro; webdesignersalley.ro,,
magazin online la cheie,magazin-online,comercial,de creat: /creare-magazin-online/,nu,P0,500,100–1.000,Medium,10.84,24.66,nu,3,rauden.ro; webdesignersalley.ro; webhero.ro,,
creare magazin online magento,magazin-online,comercial,de creat: /creare-magazin-online/,nu,P1,500,100–1.000,Medium,14.81,78.14,nu,0,,,
creare magazin magento,magazin-online,comercial,de creat: /creare-magazin-online/,nu,P1,500,100–1.000,Medium,34.42,180.76,nu,0,,,
realizare magazin online magento,magazin-online,comercial,de creat: /creare-magazin-online/,nu,P1,500,100–1.000,Medium,,,nu,0,,,
dezvoltare magazin online,magazin-online,comercial,de creat: /creare-magazin-online/,nu,P2,50,10–100,Medium,18.42,31.33,nu,0,,,
firma creare magazin online,magazin-online,comercial,de creat: /creare-magazin-online/,nu,P2,50,10–100,Medium,21.24,29.81,da,0,,,
creare site ecommerce,magazin-online,comercial,de creat: /creare-magazin-online/,nu,P2,50,10–100,High,,,da,0,,,
dezvoltare ecommerce,magazin-online,comercial,de creat: /creare-magazin-online/,nu,P2,,n/d,,,,nu,0,,,
creare magazin online woocommerce,magazin-online,comercial,de creat: /creare-magazin-online/,nu,P2,,n/d,,,,da,0,,,
creare magazin online cluj,magazin-online,comercial,de creat: /creare-magazin-online/,nu,P2,50,10–100,High,14.31,23.73,da,1,divasweb.ro,,
migrare magazin online,magazin-online,comercial,de creat: /creare-magazin-online/,nu,P2,50,10–100,High,2.53,9.94,nu,0,,,
optimizare magazin online,magazin-online,comercial,/servicii-seo/,avem,P1,500,100–1.000,Low,12.47,30.20,nu,0,,,
creare magazin online pret,pret,comercial,de creat: /preturi/,nu,P0,500,100–1.000,Medium,12.44,47.80,da,1,rauden.ro,,
magazin online preturi,pret,comercial,de creat: /preturi/,nu,P2,50,10–100,,,,nu,0,,,
dezvoltare aplicatii mobile,aplicatii-mobile,comercial,de creat: /dezvoltare-aplicatii-mobile/,nu,P0,500,100–1.000,Medium,6.64,27.04,nu,0,,Dezvoltare aplicații mobile | Android și iOS,Dezvoltare aplicații mobile
creare aplicatie mobila,aplicatii-mobile,comercial,de creat: /dezvoltare-aplicatii-mobile/,nu,P1,50,10–100,High,4.50,23.24,nu,0,,,
dezvoltare aplicatie mobila,aplicatii-mobile,comercial,de creat: /dezvoltare-aplicatii-mobile/,nu,P1,50,10–100,Medium,7.16,42.23,nu,0,,,
creare aplicatie android,aplicatii-mobile,comercial,de creat: /dezvoltare-aplicatii-mobile/,nu,P1,50,10–100,High,6.55,21.59,nu,0,,,
creare aplicatie ios,aplicatii-mobile,comercial,de creat: /dezvoltare-aplicatii-mobile/,nu,P1,50,10–100,Medium,7.16,25.35,nu,0,,,
realizare aplicatii mobile,aplicatii-mobile,comercial,de creat: /dezvoltare-aplicatii-mobile/,nu,P2,50,10–100,High,,,nu,0,,,
dezvoltare aplicatii mobil,aplicatii-mobile,comercial,de creat: /dezvoltare-aplicatii-mobile/,nu,P2,50,10–100,Medium,7.16,42.23,nu,0,,,
dezvoltare aplicatie android,aplicatii-mobile,comercial,de creat: /dezvoltare-aplicatii-mobile/,nu,P2,50,10–100,Unknown,,,nu,0,,,
dezvoltare aplicatie ios,aplicatii-mobile,comercial,de creat: /dezvoltare-aplicatii-mobile/,nu,P2,50,10–100,Medium,,,nu,0,,,
dezvoltare aplicatii ios,aplicatii-mobile,comercial,de creat: /dezvoltare-aplicatii-mobile/,nu,P2,50,10–100,Medium,,,nu,0,,,
aplicatii mobile la comanda,aplicatii-mobile,comercial,de creat: /dezvoltare-aplicatii-mobile/,nu,P2,,n/d,,,,nu,0,,,
firma dezvoltare aplicatii mobile,aplicatii-mobile,comercial,de creat: /dezvoltare-aplicatii-mobile/,nu,P2,,n/d,,,,nu,0,,,
aplicatie mobila pentru firma,aplicatii-mobile,comercial,de creat: /dezvoltare-aplicatii-mobile/,nu,P2,,n/d,,,,nu,0,,,
creare aplicatie telefon,aplicatii-mobile,comercial,de creat: /dezvoltare-aplicatii-mobile/,nu,P2,,n/d,,,,nu,0,,,
creare aplicatie mobila bucuresti,aplicatii-mobile,comercial,de creat: /dezvoltare-aplicatii-mobile/,nu,P2,,n/d,,,,nu,0,,,
firma aplicatii mobile bucuresti,aplicatii-mobile,comercial,de creat: /dezvoltare-aplicatii-mobile/,nu,P2,,n/d,,,,nu,0,,,
cat costa o aplicatie mobila,pret,comercial,de creat: /preturi/,nu,P1,50,10–100,Medium,1.94,6.49,nu,0,,,
pret aplicatie mobila,pret,comercial,de creat: /preturi/,nu,P2,50,10–100,Medium,1.97,5.17,nu,0,,,
dezvoltare aplicatii web,aplicatii-web,comercial,"secțiune pe /services/, fără pagină SEO",nu,P1,50,10–100,Medium,4.89,27.25,nu,1,oricemedia.ro,,
dezvoltare software personalizat,aplicatii-web,comercial,"secțiune pe /services/, fără pagină SEO",nu,P1,50,10–100,High,4.51,11.81,nu,1,digitalcuisine.ro,,
creare aplicatie web,aplicatii-web,comercial,"secțiune pe /services/, fără pagină SEO",nu,P2,,n/d,Unknown,,,nu,0,,,
aplicatii web la comanda,aplicatii-web,comercial,"secțiune pe /services/, fără pagină SEO",nu,P2,,n/d,,,,nu,0,,,
aplicatie web personalizata,aplicatii-web,comercial,"secțiune pe /services/, fără pagină SEO",nu,P2,,n/d,,,,nu,0,,,
software personalizat,aplicatii-web,comercial,"secțiune pe /services/, fără pagină SEO",nu,P2,50,10–100,Unknown,,,nu,2,digitalcuisine.ro; divasweb.ro,,
software la comanda,aplicatii-web,comercial,"secțiune pe /services/, fără pagină SEO",nu,P2,50,10–100,Medium,3.53,12.09,nu,0,,,
aplicatii software personalizate,aplicatii-web,comercial,"secțiune pe /services/, fără pagină SEO",nu,P2,50,10–100,Low,,,nu,0,,,
platforma web personalizata,aplicatii-web,comercial,"secțiune pe /services/, fără pagină SEO",nu,P2,,n/d,,,,nu,0,,,
dezvoltare platforma online,aplicatii-web,comercial,"secțiune pe /services/, fără pagină SEO",nu,P2,,n/d,,,,nu,0,,,
creare aplicatie online,aplicatii-web,comercial,"secțiune pe /services/, fără pagină SEO",nu,P2,,n/d,,,,nu,0,,,
program de gestiune personalizat,aplicatii-web,comercial,"secțiune pe /services/, fără pagină SEO",nu,P2,,n/d,,,,nu,0,,,
sistem de rezervari online,aplicatii-web,comercial,"secțiune pe /services/, fără pagină SEO",nu,P2,50,10–100,High,,,nu,0,,,
sistem de programari online,aplicatii-web,comercial,"secțiune pe /services/, fără pagină SEO",nu,P2,,n/d,,,,nu,0,,,
crm personalizat,aplicatii-web,comercial,"secțiune pe /services/, fără pagină SEO",nu,P2,50,10–100,High,,,nu,1,divasweb.ro,,
creare aplicatie web bucuresti,aplicatii-web,comercial,"secțiune pe /services/, fără pagină SEO",nu,P2,,n/d,,,,nu,0,,,
dezvoltare software bucuresti,aplicatii-web,comercial,"secțiune pe /services/, fără pagină SEO",nu,P2,,n/d,,,,nu,0,,,
cat costa o aplicatie web,pret,comercial,de creat: /preturi/,nu,P2,50,10–100,Low,,,nu,0,,,
pret dezvoltare software,pret,comercial,de creat: /preturi/,nu,P2,,n/d,,,,nu,0,,,
agentie facebook ads,social-ads,comercial,de creat: /agentie-facebook-ads/,nu,P0,500,100–1.000,Low,14.03,77.92,nu,2,re7consulting.ro; searchads.ro,Agenție Facebook Ads București | Facebook și Instagram,Agenție Facebook Ads
promovare facebook,social-ads,comercial,de creat: /agentie-facebook-ads/,nu,P0,500,100–1.000,Low,9.85,72.01,nu,4,mipadoweb.ro; oricemedia.ro; re7consulting.ro; seomark.ro,,
promovare instagram,social-ads,comercial,de creat: /agentie-facebook-ads/,nu,P0,500,100–1.000,Low,3.83,20.51,nu,1,re7consulting.ro,,
agentie social media,social-ads,comercial,de creat: /agentie-facebook-ads/,nu,P1,500,100–1.000,Medium,6.02,34.42,nu,1,re7consulting.ro,,
agentie social media marketing,social-ads,comercial,de creat: /agentie-facebook-ads/,nu,P2,50,10–100,Low,4.79,15.36,nu,0,,,
campanii facebook ads,social-ads,comercial,de creat: /agentie-facebook-ads/,nu,P1,50,10–100,Low,,,nu,1,oricemedia.ro,,
administrare facebook ads,social-ads,comercial,de creat: /agentie-facebook-ads/,nu,P1,50,10–100,Low,,,nu,0,,,
reclame facebook,social-ads,comercial,de creat: /agentie-facebook-ads/,nu,P1,50,10–100,Medium,5.74,30.67,nu,0,,,
reclame instagram,social-ads,comercial,de creat: /agentie-facebook-ads/,nu,P2,50,10–100,High,4.92,14.80,nu,0,,,
specialist facebook ads,social-ads,comercial,de creat: /agentie-facebook-ads/,nu,P2,50,10–100,High,,,nu,0,,,
promovare social media,social-ads,comercial,de creat: /agentie-facebook-ads/,nu,P2,50,10–100,Medium,3.92,24.74,nu,1,re7consulting.ro,,
administrare pagina facebook,social-ads,comercial,de creat: /agentie-facebook-ads/,nu,P2,50,10–100,Low,,,nu,1,mipadoweb.ro,,
agentie meta ads,social-ads,comercial,de creat: /agentie-facebook-ads/,nu,P2,,n/d,,,,nu,0,,,
campanii meta ads,social-ads,comercial,de creat: /agentie-facebook-ads/,nu,P2,,n/d,,,,nu,0,,,
cat costa promovarea pe facebook,pret,comercial,de creat: /preturi/,nu,P1,50,10–100,High,3.80,9.86,nu,0,,,
promovare facebook pret,pret,comercial,de creat: /preturi/,nu,P2,50,10–100,High,5.63,10.83,nu,0,,,
facebook ads sau google ads,info,informational,de creat: articol blog,nu,P2,,n/d,,,,nu,0,,,
woocommerce sau shopify,info,informational,de creat: articol blog,nu,P2,,n/d,,,,nu,0,,,
site sau magazin online,info,informational,de creat: articol blog,nu,P2,,n/d,,,,nu,0,,,
aplicatie web vs site,info,informational,de creat: articol blog,nu,P2,,n/d,,,,nu,0,,,
diferenta site si aplicatie web,info,informational,de creat: articol blog,nu,P2,,n/d,,,,nu,0,,,
cum fac o aplicatie mobila,info,informational,de creat: articol blog,nu,P2,,n/d,,,,nu,0,,,
cat dureaza dezvoltarea unei aplicatii,info,informational,de creat: articol blog,nu,P2,,n/d,,,,nu,0,,,
