Address,Status Code,Title 1,H1-1,Meta Description 1
https://seomark.ro/,200,Agentie Marketing Online din Bucuresti - Servicii de Promovare si Cursuri,Agentie Marketing Online Bucuresti,Agentia de Marketing Online din Bucuresti SEOmark.ro - ✅ Te ajutam sa vinzi mai mult! - Servicii si Cursuri de promovare + Web Design si Realizare site-uri
https://seomark.ro/chestionar-seomark/,200,Chestionar SEOmark - SEOmark,Chestionar SEOmark,Obtineti un cupon de 100 Ron - ajutati-ne completand formularul nostru si noi va recompensam cu un cupon de 100 lei pentru orice serviciu oferit de SEOmark
https://seomark.ro/caracteristicile-unui-site-care-vinde-ghid-gratuit-wbst01/,200,Caracteristicile unui site Care Vinde - Ghid Gratuit - SEOmark,Caracteristicile unui site Care Vinde – Ghid Gratuit,
https://seomark.ro/categorie-articole-despre-web-design/,200,Categorie - articole despre Web Design - SEOmark,Categorie – articole despre Web Design,
https://seomark.ro/optimizare-seo-opse24/,200,Optimizare SEO pentru site-uri - Informatii si Servicii Complete,Optimizare SEO pentru site-uri – Informatii si Servicii Complete,Optimizare SEO pentru site-uri - Informatii importante pe care trebuie sa le stii daca te intereseaza cresterea traficului organic (natural) din Google
https://seomark.ro/my-account/,200,My account - SEOmark,My account,
https://seomark.ro/eroare-plata/,200,- SEOmark,,
https://seomark.ro/curs-administrare-facebook-1-1draft/,200,Curs administrare Facebook-1-1DRAFT - SEOmark,Curs administrare Facebook-1-1DRAFT,
https://seomark.ro/redactare-si-jurnalism-seo-qz11/,200,Redactare si jurnalism SEO - SEOmark,Redactare si jurnalism SEO,
https://seomark.ro/curs-tehnici-de-manipulare-si-persuasiune-afacerile-online-si-offline-qz11/,200,Curs Tehnici de Manipulare si Persuasiune in afacerile online si offline - SEOmark,Curs Tehnici de Manipulare si Persuasiune in afacerile online si offline,
https://seomark.ro/creare-site-web-gandit-pentru-eficienta-si-functionalitate-wbst01/,200,Creare Site Web - Gandit pentru eficienta si functionalitate - SEOmark,Creare Site Web – Gandit pentru eficienta si functionalitate,
https://seomark.ro/categorie-articole-despre-retentie-email-si-push-notificari-mkt110/,200,"Categorie - articole despre Retentie, Email si Push Notificari - SEOmark","Categorie – articole despre Retentie, Email si Push Notificari",
https://seomark.ro/realizare-site-wbst01/,200,LP realizare site - SEOmark,LP realizare site,
https://seomark.ro/categorie-articole-despre-optimizarea-conversiei-mkt110/,200,Categorie - articole despre Optimizarea Conversiei - SEOmark,Categorie – articole despre Optimizarea Conversiei,
https://seomark.ro/categorie-articole-despre-optimizarea-pentru-google-ads-adwords-gad271/,200,Categorie - articole despre Optimizarea pentru Google ADS (Adwords) - SEOmark,Categorie – articole despre Optimizarea pentru Google ADS (Adwords),
https://seomark.ro/categorie-articole-despre-optimizarea-pentru-facebook-ads-fbal121/,200,Categorie - articole despre Optimizarea pentru Facebook ADS - SEOmark,Categorie – articole despre Optimizarea pentru Facebook ADS,
https://seomark.ro/categorie-articole-despre-realizare-continut-qz11-blg012/,200,Categorie - articole despre Realizare Continut - SEOmark,Categorie – articole despre Realizare Continut,
https://seomark.ro/categorie-articole-despre-marketing-online-mkt110/,200,Categorie - articole despre Marketing Online - SEOmark,Categorie – articole despre Marketing Online,
https://seomark.ro/ce-este-seo-descarca-gratuit-ghidul-de-optimizare-opse24/,200,Ce este SEO - descarca gratuit ghidul de optimizare pentru Google - SEOmark,Ce este SEO – descarca gratuit ghidul de optimizare pentru Google,
https://seomark.ro/ghid-gratuit-audit-adwords-gad271/,200,Ghid gratuit audit Adwords - SEOmark,Ghid gratuit audit Adwords,
https://seomark.ro/traineri/,200,Traineri - SEOmark,Traineri,
https://seomark.ro/servicii-promovare-online-mkt110/,200,Servicii promovare online - SEOmark,Servicii promovare online,"✅ SEOmark.ro ofera Cursuri si servicii de Optimizare SEO, servicii de administrare campanii Adwords si Facebook si consultanta SEO si redactare articole"
https://seomark.ro/ghid-seo-pentru-magazine-online-ecommerce-seo-opse24/,200,Ghid SEO pentru Magazine Online (eCommerce SEO) - SEOmark,Ghid SEO pentru Magazine Online (eCommerce SEO),
https://seomark.ro/ghidul-pentru-redactarea-titlurilor-a-qz11/,200,descarca gratuit ghidul complet pentru redactarea titlurilor excelente 1 - SEOmark,descarca gratuit ghidul complet pentru redactarea titlurilor excelente 1,
https://seomark.ro/optimizare-seo-on-si-off-site-opse24/,200,Curs Optimizare SEO on si off-site - SEOmark,Curs Optimizare SEO on si off-site,
https://seomark.ro/ghidseo-recomandari-linkbuilding-john-mueller-analist-google/,200,GhidSEO - recomandari linkbuilding - John Mueller -Analist Google - SEOmark,GhidSEO – recomandari linkbuilding – John Mueller -Analist Google,
https://seomark.ro/descarca-ghidul-gratuit-caracteristicile-afacerilor-profitabile-in-online/,200,Descarca ghidul gratuit: Caracteristicile Afacerilor Profitabile in Online - SEOmark,Descarca ghidul gratuit: Caracteristicile Afacerilor Profitabile in Online,
https://seomark.ro/ghid-strategii-de-marketing-si-promovare-pe-timp-de-criza/,200,Ghid Strategii de Marketing si Promovare pe timp de Criza - SEOmark,Ghid Strategii de Marketing si Promovare pe timp de Criza,
https://seomark.ro/strategii-de-marketing-si-promovare-pe-timp-de-criza-mkt110/,200,Strategii de Marketing si Promovare pe timp de Criza - SEOmark,Strategii de Marketing si Promovare pe timp de Criza,
https://seomark.ro/ghid-gratuit-cum-sa-te-promovezi-eficient-pe-linkedin/,200,Ghid Gratuit - Cum sa te promovezi Eficient pe Linkedin - SEOmark,Ghid Gratuit – Cum sa te promovezi Eficient pe Linkedin,
https://seomark.ro/soft-pe-comanda/,200,Soft pe comanda - SEOmark,Soft pe comanda,
https://seomark.ro/curs-jurnalism-seo-qz11/,200,Curs Jurnalism SEO - SEOmark,Curs Jurnalism SEO,"Cursul de jurnalism SEO te va ajuta sa scrii articole optimizate, care sa denote profesionalism si sa ajute site-ul sa se pozitioneze cat mai bine pe google"
https://seomark.ro/cariere/,200,Cariere - SEOmark,Cariere,
https://seomark.ro/creare-site-magazin-online-ieftin-wbst01/,200,Creare site ieftin - servicii profesionale de creare site-uri eficiente - SEOmark,Creare site ieftin – servicii profesionale de creare site-uri eficiente,
https://seomark.ro/seomark-ro-agentie-marketing-online-a-participat-la-gotech-world/,200,SEOmark.ro - la GoTech World 2024 - SEOmark,SEOmark.ro – la GoTech World 2024,
https://seomark.ro/despre-noi/,200,Despre noi - SEOmark,Despre noi,
https://seomark.ro/audit-gratuit-meta/,200,Solicita un audit gratuit al reclamelor tale din Meta - SEOmark,Solicita un audit gratuit al reclamelor tale din Meta,
https://seomark.ro/pagina-testimoniale-clienti/,200,Testimoniale clienti - SEOmark,Testimoniale clienti,
https://seomark.ro/audit-seo-gratuit-opse24/,200,Audit SEO gratuit - SEOmark,Audit SEO gratuit,Audit SEO gratuit - Orice consultatie ar trebui sa fie gratuita. Contacteaza-ne si iti vom analiza site-ul din punct de vedere optimizarii pentru Google
https://seomark.ro/descarcare-reusita/,200,Descarcare Reusita - SEOmark,Descarcare Reusita,
https://seomark.ro/ghid-cost-per-lead-romania-2025/,200,Ghid cat costa un lead in Romania in 2025 - SEOmark,Ghid cat costa un lead in Romania in 2025,
https://seomark.ro/ghid-gratuit-promovare-facebook-fbal121/,200,Ghid Gratuit Promovare Facebook - SEOmark,Ghid Gratuit Promovare Facebook,
https://seomark.ro/contact/,200,Contact - SEOmark,Contact,"Pagina de Contact a SEOmark - Ai o intrebare, o nelamurire sau pur si simplu vrei sa intrii in legatura cu noi? Aici gasesti toate datele noastre de contact"
https://seomark.ro/redactare-articole-seo-qz11-opse24/,200,Agentie Copywriting - Texte Profesionale Generate Strategic cu AI - SEOmark,Agentie Copywriting – Texte Profesionale Generate Strategic cu AI,
https://seomark.ro/servicii-consultanta-marketing-online-promovare-online-mkt110/,200,Servicii de Consultanta Marketing Online – Promovare Digitala – SEO – PPC - SEOmark,Servicii de Consultanta Marketing Online – Promovare Digitala – SEO – PPC,
https://seomark.ro/optimizare-pagina-de-vanzare/,200,Optimizare pagina de vanzare - SEOmark,Optimizare pagina de vanzare,
https://seomark.ro/optimizarea-ratei-de-conversie/,200,Optimizarea Ratei de Conversie - SEOmark,Optimizarea Ratei de Conversie,
https://seomark.ro/servicii-de-email-marketing/,200,Servicii email marketing – publicitate prin email - SEOmark,Servicii email marketing – publicitate prin email,
https://seomark.ro/servicii-promovare-linkedin-ads-lnkd193/,200,Servicii Promovare Linkedin Ads - SEOmark,Servicii Promovare Linkedin Ads,
https://seomark.ro/servicii-adwords-gad271/,200,Servicii Google Ads (Adwords) - Agentie Adwords - SEOmark,Servicii Google Ads (Adwords) – Agentie Adwords,
https://seomark.ro/consultanta-seo/,200,Consultanta SEO – suport specializat pentru site-ul tau - SEOmark,Consultanta SEO – suport specializat pentru site-ul tau,
https://seomark.ro/creare-site-wbst01/,200,Creare Site Web - Realizam Magazine Online sau Site-uri Prezentare - SEOmark,Creare Site Web – Realizam Magazine Online sau Site-uri Prezentare,Creare Site Web - realizam la cheie Site-uri de Prezentare si Magazine Online in WordPress. Plata rate ✅ - Optimizare SEO ✅ - Design Personalizat ✅
https://seomark.ro/site-ul-tau-poate-vinde-mai-mult-incepe-cu-un-design-care-convinge/,200,Site-ul tau poate vinde mai mult. Incepe cu un design care convinge. - SEOmark,Site-ul tau poate vinde mai mult. Incepe cu un design care convinge.,
https://seomark.ro/mentenanta-site-web-wbst01/,200,Mentenanta site Web - SEOmark,Mentenanta site Web,
https://seomark.ro/creare-magazin-online-wbst01/,200,Creare Magazin Online - SEOmark,Creare Magazin Online,
https://seomark.ro/servicii-seo-opse24/,200,Servicii SEO Profesionale - Agentie SEO Bucuresti - Pret atractiv,Servicii SEO Profesionale – Agentie SEO Bucuresti,SERVICII SEO PROFESIONALE - Agentie SEO Bucuresti - Solutii eficiente si transparente ✅ Preturi Competitive ✅ Trafic si Vanzari in Google ✅ Afla mai multe!
https://seomark.ro/cursuri-google-adwords-administrarea-si-eficientizarea-campaniilor-publicitare-gad271/,200,Cursuri Google Ads - Administrarea si Eficientizarea Campaniilor Publicitare - SEOmark,Cursuri Google Ads – Administrarea si Eficientizarea Campaniilor Publicitare,Cursuri Google Ads (Adwords) Administrarea si Eficientizarea Campaniilor Publicitare. Invata Rapid cum sa vinzi eficient prin Google Ads! Informatii practice + diploma
https://seomark.ro/curs-blogging-scrie-atractiv-blg012/,200,"Curs Blogging si Monetizare Site - scrie atractiv, promoveaza-te eficient si capteaza vizitatorii - SEOmark","Curs Blogging si Monetizare Site – scrie atractiv, promoveaza-te eficient si capteaza vizitatorii",
https://seomark.ro/curs-administrare-reclame-si-campanii-facebook-fbal121/,200,Curs administrare reclame si campanii Facebook - SEOmark,Curs administrare reclame si campanii Facebook,Curs Facebook in Bucuresti si Online - invata cum sa administrezi profesionist campaniile de promovare pe Facebook.
https://seomark.ro/curs-creare-site-wordpress-wbst01/,200,Curs creare site WordPress - SEOmark,Curs creare site WordPress,
https://seomark.ro/cursuri-seo-opse24/,200,Cursuri SEO - in Bucuresti si Online - pentru incepatori si avansati,Cursuri SEO online si in Bucuresti,Cursuri SEO in Bucuresti si Online. Invata sa cresti traficul site-ului tau optimizandu-l pentru Google. ➡️ Diplioma participare ➡️ Suport Post-Curs
https://seomark.ro/cursuri-seo-pentru-companii/,200,Cursuri SEO pentru Companii - SEOmark,Cursuri SEO pentru Companii,
https://seomark.ro/curs-marketing-online-pentru-companii/,200,Curs Marketing Online pentru Companii - SEOmark,Curs Marketing Online pentru Companii,
https://seomark.ro/cursuri-marketing-online-mkt110/,200,Cursuri Marketing Online - SEOmark,Cursuri Marketing Online,"Cursurile de SEO sunt esentiale pentru orice business online. Vei invata cum sa scrii articole SEO pe anumite cuvinte cheie relevante pentru domeniul tau, dar si sa optimizezi orice pagina de internet. Vezi detalii!"
https://seomark.ro/facebook-fbal121/,200,Servicii Facebook Ads - Agentie Promovare Facebook,Servicii Facebook Ads – Agentie Promovare Facebook,"Servicii Facebook Ads - prin Agentia de Facebook SEOmark.ro - optimizare pentru Vanzari ✅ , preturi avantajoase ✅ , promovare si pe Instagram ✅"
https://seomark.ro/consultanta-live-realizare-site-wbst01/,200,Consultanta Gratuita si Live Optimizare Site Web - SEOmark,Consultanta Gratuita si Live Optimizare Site Web,
https://seomark.ro/cost-per-lead-in-romania-2026/,200,"Cost per lead in Romania 2026: cat ar trebui sa platesti pe Google Ads, Meta, LinkedIn si TikTok? - SEOmark","Cost per lead in Romania 2026: cat ar trebui sa platesti pe Google Ads, Meta, LinkedIn si TikTok?",
https://seomark.ro/educatie/,200,Educatie - SEOmark,Educatie,
https://seomark.ro/cat-de-important-este-seo-pentru-afacerea-ta/,200,Cat de important este SEO pentru afacerea ta? - SEOmark,Cat de important este SEO pentru afacerea ta?,"Un site optimizat SEO iti va aduce un trafic mai mare, deci mai multe lead-uri si mai multi potentiali clienti. Afla cum te mai ajuta SEO in afacerea ta"
https://seomark.ro/cum-sa-cresti-usor-numarul-de-like-share-click-uri-si-pozitia-google-seo-studiu-de-caz/,200,"Cum sa cresti usor numarul de Like, Share, Click-uri si pozitia in Google (SEO) - Studiu de caz - SEOmark","Cum sa cresti usor numarul de Like, Share, Click-uri si pozitia in Google (SEO) – Studiu de caz",
https://seomark.ro/esti-in-bucuresti-marti-24-mai-2016-vino-sa-ne-cunosti-la-conferinta-branduri-si-branding-editia-a-ii-a/,200,"Esti in Bucuresti marti, 24 mai 2016? Vino sa ne cunosti la conferinta “Branduri si branding”, editia a II-a - SEOmark","Esti in Bucuresti marti, 24 mai 2016? Vino sa ne cunosti la conferinta “Branduri si branding”, editia a II-a",
https://seomark.ro/seomark-ro-a-fost-sponsorul-principal-al-conferintei-branduri-si-branding-editia-a-ii-a/,200,SEOmark.ro a fost sponsorul principal al conferintei Branduri si Branding editia a II-a - SEOmark,SEOmark.ro a fost sponsorul principal al conferintei Branduri si Branding editia a II-a,
https://seomark.ro/top-tendinte-si-oportunitati-in-social-media-care-au-logica-in-romania-in-2018-fbal121/,200,Top tendinte si oportunitati in Social Media care au logica in Romania in 2018 - SEOmark,Top tendinte si oportunitati in Social Media care au logica in Romania in 2018,
https://seomark.ro/se-pot-castiga-bani-din-youtube-mkt110/,200,Video - Se pot castiga bani din Youtube? - SEOmark,Video – Se pot castiga bani din Youtube?,
https://seomark.ro/google-sau-facebook-gad271-fbal121/,200,Video - Google sau Facebook? - SEOmark,Video – Google sau Facebook?,
https://seomark.ro/4-aspecte-esentiale-investitie-site-wbst01/,200,Vrei sa investesti in site-ul tau? 4 aspecte importante - SEOmark,Vrei sa investesti in site-ul tau? 4 aspecte importante,
https://seomark.ro/meta-descrierea-5-sfaturi-pentru-a-ti-aduce-mai-mult-trafic-opse24-qz11/,200,META DESCRIEREA - 5 sfaturi pentru a-ti aduce mai mult TRAFIC - SEOmark,META DESCRIEREA – 5 sfaturi pentru a-ti aduce mai mult TRAFIC,META DESCRIERE Eficienta - 5 trucuri pentru mai mult trafic pe site-ul tau. Afla din articol cum poti tripla nr. vizitatorilor cu o descriere meta mai buna.
https://seomark.ro/optimizare-seo-este-obligatoriu-sa-ai-un-blog-opse24/,200,Optimizarea pentru Google (SEO) - Este OBLIGATORIU sa ai un blog? - SEOmark,Optimizarea pentru Google (SEO) – Este OBLIGATORIU sa ai un blog?,
https://seomark.ro/o-tehnica-de-promovare-mai-eficienta-prin-anunturi-gratuite-opse24-mkt110/,200,O tehnica de promovare mai eficienta prin anunturi gratuite - SEOmark,O tehnica de promovare mai eficienta prin anunturi gratuite,
https://seomark.ro/seo-pentru-magazine-online-ecommerce-seo-ghid-complet-partea-3-opse24-2/,200,SEO pentru Magazine Online (eCommerce SEO) – Ghid Complet – Partea 3 - Autoritate - SEOmark,SEO pentru Magazine Online (eCommerce SEO) – Ghid Complet – Partea 3 – Autoritate,
