"Address","Occurrences","Indexability","Indexability Status","Canonical Link Element 1","HTTP Canonical","Meta Robots 1","X-Robots-Tag 1","rel=""next"" 1","rel=""prev"" 1","HTTP rel=""next"" 1","HTTP rel=""prev"" 1"
"https://www.echipadetocilari.ro/","1","Indexable","","https://www.echipadetocilari.ro/","","follow, index, max-snippet:-1, max-video-preview:-1, max-image-preview:large","","","","",""
"https://www.echipadetocilari.ro/creare-site-web/","1","Indexable","","https://www.echipadetocilari.ro/creare-site-web/","","follow, index, max-snippet:-1, max-video-preview:-1, max-image-preview:large","","","","",""
"https://www.echipadetocilari.ro/portofoliu/","1","Indexable","","https://www.echipadetocilari.ro/portofoliu/","","follow, index, max-snippet:-1, max-video-preview:-1, max-image-preview:large","","","","",""
"https://www.echipadetocilari.ro/administrare-site/","1","Indexable","","https://www.echipadetocilari.ro/administrare-site/","","follow, index, max-snippet:-1, max-video-preview:-1, max-image-preview:large","","","","",""
"https://www.echipadetocilari.ro/contact/","1","Indexable","","https://www.echipadetocilari.ro/contact/","","follow, index, max-snippet:-1, max-video-preview:-1, max-image-preview:large","","","","",""
"https://www.echipadetocilari.ro/servicii-seo/","1","Indexable","","https://www.echipadetocilari.ro/servicii-seo/","","follow, index, max-snippet:-1, max-video-preview:-1, max-image-preview:large","","","","",""
"https://www.echipadetocilari.ro/about-2/","1","Indexable","","https://www.echipadetocilari.ro/about-2/","","follow, index, max-snippet:-1, max-video-preview:-1, max-image-preview:large","","","","",""
"https://www.echipadetocilari.ro/services/","1","Indexable","","https://www.echipadetocilari.ro/services/","","follow, index, max-snippet:-1, max-video-preview:-1, max-image-preview:large","","","","",""
"https://www.echipadetocilari.ro/clients/","1","Indexable","","https://www.echipadetocilari.ro/clients/","","follow, index, max-snippet:-1, max-video-preview:-1, max-image-preview:large","","","","",""
