"Address","Word Count","Sentence Count","Average Words Per Sentence","Flesch Reading Ease Score","Readability","Closest Near Duplicate Match","No. Near Duplicates","Closest Semantically Similar Address","Semantic Similarity Score","No. Semantically Similar","Semantic Relevance Score","Total Language Errors","Spelling Errors","Grammar Errors","Language","Hash","Indexability","Indexability Status"
"https://www.echipadetocilari.ro/","1114","156","7,141","43,373","Hard","","","","","","","","","","en-US","ffdd05dab7b3cf0d608244c506abf105","Indexable",""
"https://www.echipadetocilari.ro/creare-site-web/","800","136","5,882","51,122","Fairly Hard","","","","","","","","","","en-US","daae5fd571ca63d8474c09a15187a1d7","Indexable",""
"https://www.echipadetocilari.ro/portofoliu/","153","22","6,955","46,058","Hard","","","","","","","","","","en-US","369d2362dd3a76fdd5ceeb25f3c290ad","Indexable",""
"https://www.echipadetocilari.ro/administrare-site/","255","55","4,636","58,475","Fairly Hard","","","","","","","","","","en-US","f979c396904005de3209c45bdc614824","Indexable",""
"https://www.echipadetocilari.ro/contact/","39","7","5,571","79,703","Fairly Easy","","","","","","","","","","en-US","886e546766e13434b23d6bd4f99b291d","Indexable",""
"https://www.echipadetocilari.ro/servicii-seo/","906","177","5,119","48,034","Hard","","","","","","","","","","en-US","a1b0caa315be3f011b615a2e95444cee","Indexable",""
"https://www.echipadetocilari.ro/about-2/","361","76","4,750","56,249","Fairly Hard","","","","","","","","","","en-US","542eff7bd67bc6af520c31de33c4e87f","Indexable",""
"https://www.echipadetocilari.ro/services/","491","86","5,709","51,827","Fairly Hard","","","","","","","","","","en-US","77d55f1ac2f4c921f070452feb415b5e","Indexable",""
"https://www.echipadetocilari.ro/clients/","238","47","5,064","45,292","Hard","","","","","","","","","","en-US","22642b1b9c5c2c04b9c55d52d92a1a4a","Indexable",""
