"Address","Occurrences","H2-1","H2-1 Length","H2-2","H2-2 Length","Indexability","Indexability Status"
"https://www.echipadetocilari.ro/","10","Suntem aici pentru afacerea ta!","31","Cum iti putem ajuta afacerea?","29","Indexable",""
"https://www.echipadetocilari.ro/creare-site-web/","8","Prezenta online conteaza!","25","Tipuri de creare site web","25","Indexable",""
"https://www.echipadetocilari.ro/portofoliu/","6","Uite ce putem face pentru afacerea ta","37","Noi te putem ajuta, indferent de orasul in care te afli.","56","Indexable",""
"https://www.echipadetocilari.ro/administrare-site/","8","Administrare site & magazin online","34","Preturi Administrare","20","Indexable",""
"https://www.echipadetocilari.ro/contact/","5","Noi te putem ajuta, indferent de orasul in care te afli.","56","Ne-ar face mare placere sa luam legatura si sa te ajutam cu proiectul pe care il ai!","84","Indexable",""
"https://www.echipadetocilari.ro/servicii-seo/","13","Oferim un boost afacerii tale!","30","Pentru ce am nevoie de servicii SEO?","36","Indexable",""
"https://www.echipadetocilari.ro/about-2/","17","We Are Beyond","13","Digital Lovers","14","Indexable",""
"https://www.echipadetocilari.ro/services/","8","One-Stop Digital Agency","23","Increase Sales","14","Indexable",""
"https://www.echipadetocilari.ro/clients/","6","Our Partners Believe in Us","26","Join Us And Be Part of Our Success","34","Indexable",""
