"Address","Title 1","Occurrences","HTML hreflang 1","HTML hreflang 1 URL","HTTP hreflang 1","HTTP hreflang 1 URL","Sitemap hreflang 1","Sitemap hreflang 1 URL","Indexability","Indexability Status"
"https://www.echipadetocilari.ro/","Home | Echipa De Tocilari","0","","","","","","","Indexable",""
"https://www.echipadetocilari.ro/creare-site-web/","Creare Site Web | Echipa De Tocilari","0","","","","","","","Indexable",""
"https://www.echipadetocilari.ro/portofoliu/","Portofoliu | Echipa De Tocilari","0","","","","","","","Indexable",""
"https://www.echipadetocilari.ro/administrare-site/","Administrare Site | Echipa De Tocilari","0","","","","","","","Indexable",""
"https://www.echipadetocilari.ro/contact/","Contact | Echipa De Tocilari","0","","","","","","","Indexable",""
"https://www.echipadetocilari.ro/servicii-seo/","Servicii SEO | Echipa De Tocilari","0","","","","","","","Indexable",""
"https://www.echipadetocilari.ro/about-2/","About | Echipa De Tocilari","0","","","","","","","Indexable",""
"https://www.echipadetocilari.ro/services/","Services | Echipa De Tocilari","0","","","","","","","Indexable",""
"https://www.echipadetocilari.ro/clients/","Clients | Echipa De Tocilari","0","","","","","","","Indexable",""
