"Address","Content Type","Size (bytes)","IMG Inlinks","Indexability","Indexability Status","Dimensions"
"https://www.echipadetocilari.ro/wp-content/uploads/2024/02/Logo_Echipa_de_Tocilari-e1708028624694.webp","image/webp","44790","18","Indexable","",""
"https://www.echipadetocilari.ro/wp-content/uploads/2024/03/procesul-de-optimizare-servicii-seo-e1709318900778-736x1024.webp","image/webp","36934","1","Indexable","",""
"https://www.echipadetocilari.ro/wp-content/uploads/2024/03/servicii-seo-boost-afacere.png","image/png","93419","1","Indexable","",""
"https://www.echipadetocilari.ro/wp-content/uploads/2024/02/CTA-About-new.png","image/png","125222","1","Indexable","",""
"https://www.echipadetocilari.ro/wp-content/uploads/2024/02/4.png","image/png","1732","1","Indexable","",""
"https://www.echipadetocilari.ro/wp-content/uploads/2024/02/13.png","image/png","1383","2","Indexable","",""
"https://www.echipadetocilari.ro/wp-content/uploads/2024/02/16.png","image/png","2262","1","Indexable","",""
"https://www.echipadetocilari.ro/wp-content/uploads/2024/02/8.png","image/png","2286","2","Indexable","",""
"https://www.echipadetocilari.ro/wp-content/uploads/2024/02/14.png","image/png","1899","2","Indexable","",""
"https://www.echipadetocilari.ro/wp-content/uploads/2024/02/1.png","image/png","1269","1","Indexable","",""
"https://www.echipadetocilari.ro/wp-content/uploads/2024/02/About-Page-intro-pic.png","image/png","112065","1","Indexable","",""
"https://www.echipadetocilari.ro/wp-content/uploads/2024/02/3.png","image/png","1144","1","Indexable","",""
"https://www.echipadetocilari.ro/wp-content/uploads/2024/03/echipa-de-tocilari-servicii-seo.webp","image/webp","68092","1","Indexable","",""
"https://www.echipadetocilari.ro/wp-content/uploads/2024/03/administrare-site-echipa-de-tocilari.webp","image/webp","71796","1","Indexable","",""
"https://www.echipadetocilari.ro/wp-content/uploads/2024/02/vr-768x905.webp","image/webp","42376","1","Indexable","",""
"https://www.echipadetocilari.ro/wp-content/uploads/2024/02/work-1024x707.png","image/png","136796","1","Indexable","",""
"https://www.echipadetocilari.ro/wp-content/uploads/2024/02/click.png","image/png","11343","1","Indexable","",""
"https://www.echipadetocilari.ro/wp-content/uploads/2024/02/character-4FKAQPE.png","image/png","53847","1","Indexable","",""
"https://www.echipadetocilari.ro/wp-content/uploads/2024/02/Tocilar-creare-site-web.webp","image/webp","34962","1","Indexable","",""
"https://www.echipadetocilari.ro/wp-content/uploads/2024/02/Our-Services-pic-1.png","image/png","83347","1","Indexable","",""
"https://www.echipadetocilari.ro/wp-content/uploads/2024/02/Our-Services-pic-2.png","image/png","102828","1","Indexable","",""
"https://www.echipadetocilari.ro/wp-content/uploads/2024/02/CTA-Our-Services.png","image/png","114156","1","Indexable","",""
"https://www.echipadetocilari.ro/wp-content/uploads/2024/02/Our-Clients-pic-1.png","image/png","165033","1","Indexable","",""
"https://www.echipadetocilari.ro/wp-content/uploads/2024/02/12-1.png","image/png","2181","1","Indexable","",""
"https://www.echipadetocilari.ro/wp-content/uploads/2024/02/2.png","image/png","8253","1","Indexable","",""
"https://www.echipadetocilari.ro/wp-content/uploads/2024/02/16-1.png","image/png","2262","1","Indexable","",""
"https://www.echipadetocilari.ro/wp-content/uploads/2024/02/9.png","image/png","1438","1","Indexable","",""
"https://www.echipadetocilari.ro/wp-content/uploads/2024/02/Clients-CTA-Footer.jpg","image/jpeg","29851","1","Indexable","",""
"https://www.echipadetocilari.ro/wp-content/uploads/2024/02/Testimonial-3-1.png","image/png","17618","1","Indexable","",""
"https://www.echipadetocilari.ro/wp-content/uploads/2024/02/6.png","image/png","1474","1","Indexable","",""
"https://www.echipadetocilari.ro/wp-content/uploads/2024/02/Testimonial-2.png","image/png","20326","1","Indexable","",""
"https://www.echipadetocilari.ro/wp-content/uploads/2024/02/Our-Clients-pic-2.png","image/png","50011","1","Indexable","",""
"https://www.echipadetocilari.ro/wp-content/uploads/2024/02/3-1.png","image/png","1144","1","Indexable","",""
"https://www.echipadetocilari.ro/wp-content/uploads/2024/02/4-1.png","image/png","1732","1","Indexable","",""
"https://www.echipadetocilari.ro/wp-content/uploads/2024/02/11-1.png","image/png","2008","1","Indexable","",""
"https://www.echipadetocilari.ro/wp-content/uploads/2024/02/7.png","image/png","1246","1","Indexable","",""
"https://www.echipadetocilari.ro/wp-content/uploads/2024/02/5.png","image/png","1367","1","Indexable","",""
"https://www.echipadetocilari.ro/wp-content/uploads/2024/02/10.png","image/png","2744","1","Indexable","",""
"https://www.echipadetocilari.ro/wp-content/uploads/2024/02/1-1.png","image/png","1269","1","Indexable","",""
"https://www.echipadetocilari.ro/wp-content/uploads/2024/02/Testimonial-1.png","image/png","16823","1","Indexable","",""
"https://www.echipadetocilari.ro/wp-content/uploads/2024/02/15.png","image/png","1508","1","Indexable","",""
