"Address","Status Code","Status","HTML Word Count","Rendered HTML Word Count","Word Count Change","JS Word Count %","HTML Title","Rendered HTML Title","HTML H1","Rendered HTML H1","HTML Meta Description","Rendered HTML Meta Description","HTML Canonical","Rendered HTML Canonical","Unique Inlinks","Unique JS Inlinks","Unique Outlinks","Unique JS Outlinks","Unique External Outlinks","Unique External JS Outlinks","HTML Meta Robots 1","Rendered HTML Meta Robots 1","Pretty URL","Ugly URL","JS Error","JS Warning","JS Info","JS Debug","JS Issue"
"https://www.echipadetocilari.ro/","200","OK","1114","0","","","Home | Echipa De Tocilari","","Marketing online facut de tocilari!","","Agentie Web Design","","https://www.echipadetocilari.ro/","","9","0","7","0","2","0","follow, index, max-snippet:-1, max-video-preview:-1, max-image-preview:large","","https://www.echipadetocilari.ro/","https://www.echipadetocilari.ro/","","","","",""
"https://www.echipadetocilari.ro/creare-site-web/","200","OK","800","0","","","Creare Site Web | Echipa De Tocilari","","Creare site web","","Vrei să ai un site web care să te facă să strălucești pe internet? Alege serviciul nostru de creare site web și lasă-ne să transformăm visurile tale în","","https://www.echipadetocilari.ro/creare-site-web/","","9","0","7","0","2","0","follow, index, max-snippet:-1, max-video-preview:-1, max-image-preview:large","","https://www.echipadetocilari.ro/creare-site-web/","https://www.echipadetocilari.ro/creare-site-web/","","","","",""
"https://www.echipadetocilari.ro/portofoliu/","200","OK","153","0","","","Portofoliu | Echipa De Tocilari","","Portofoliu Web Design","","La Echipa de Tocilari, îți oferim ție și afacerii tale posibilitatea de a alege unul dintre numeroasele template-uri disponibile, fiecare fiind proiectat cu","","https://www.echipadetocilari.ro/portofoliu/","","9","0","6","0","2","0","follow, index, max-snippet:-1, max-video-preview:-1, max-image-preview:large","","https://www.echipadetocilari.ro/portofoliu/","https://www.echipadetocilari.ro/portofoliu/","","","","",""
"https://www.echipadetocilari.ro/administrare-site/","200","OK","255","0","","","Administrare Site | Echipa De Tocilari","","Mentenanta la nivel inalt","","Beneficiază de serviciile noastre în administrare site și mentenață și crește-ți afacerea online cu succes!","","https://www.echipadetocilari.ro/administrare-site/","","9","0","6","0","2","0","follow, index, max-snippet:-1, max-video-preview:-1, max-image-preview:large","","https://www.echipadetocilari.ro/administrare-site/","https://www.echipadetocilari.ro/administrare-site/","","","","",""
"https://www.echipadetocilari.ro/contact/","200","OK","39","0","","","Contact | Echipa De Tocilari","","","","Noi te putem ajuta, indferent de orasul in care te afli. Ne-ar face mare placere sa luam legatura si sa te ajutam cu proiectul pe care il ai! Scrie-ne un","","https://www.echipadetocilari.ro/contact/","","9","0","6","0","2","0","follow, index, max-snippet:-1, max-video-preview:-1, max-image-preview:large","","https://www.echipadetocilari.ro/contact/","https://www.echipadetocilari.ro/contact/","","","","",""
"https://www.echipadetocilari.ro/servicii-seo/","200","OK","906","0","","","Servicii SEO | Echipa De Tocilari","","Servicii SEO","","Servicii SEO on page:","","https://www.echipadetocilari.ro/servicii-seo/","","9","0","6","0","2","0","follow, index, max-snippet:-1, max-video-preview:-1, max-image-preview:large","","https://www.echipadetocilari.ro/servicii-seo/","https://www.echipadetocilari.ro/servicii-seo/","","","","",""
"https://www.echipadetocilari.ro/about-2/","200","OK","361","0","","","About | Echipa De Tocilari","","About Us","","Lorem ipsum dolor sit rot off gamet, cons ctetur adipi scing elit. Proin rutrum euismod dolor, ultri Lies aliq luam ekolor.","","https://www.echipadetocilari.ro/about-2/","","3","0","8","0","2","0","follow, index, max-snippet:-1, max-video-preview:-1, max-image-preview:large","","https://www.echipadetocilari.ro/about-2/","https://www.echipadetocilari.ro/about-2/","","","","",""
"https://www.echipadetocilari.ro/services/","200","OK","491","0","","","Services | Echipa De Tocilari","","Our Services","","Lorem ipsum dolor sit amet, cons ctetur adiop iscing elit, sed do eiusmod tempor incid didunt ult labore et dolore magna aliqua ryuti dfyo jfko desr.","","https://www.echipadetocilari.ro/services/","","2","0","8","0","2","0","follow, index, max-snippet:-1, max-video-preview:-1, max-image-preview:large","","https://www.echipadetocilari.ro/services/","https://www.echipadetocilari.ro/services/","","","","",""
"https://www.echipadetocilari.ro/clients/","200","OK","238","0","","","Clients | Echipa De Tocilari","","Our Clients","","Lorem ipsum dolor sit orot amet, cons ectetur adip scing elit. Proin rutrum euismod dolor, ultricies aliq luam off kool or taka ekolor.","","https://www.echipadetocilari.ro/clients/","","2","0","8","0","2","0","follow, index, max-snippet:-1, max-video-preview:-1, max-image-preview:large","","https://www.echipadetocilari.ro/clients/","https://www.echipadetocilari.ro/clients/","","","","",""
