"Address","Occurrences","Meta Description 1","Meta Description 1 Length","Meta Description 1 Pixel Width","Indexability","Indexability Status"
"https://www.echipadetocilari.ro/","1","Agentie Web Design","18","122","Indexable",""
"https://www.echipadetocilari.ro/creare-site-web/","1","Vrei să ai un site web care să te facă să strălucești pe internet? Alege serviciul nostru de creare site web și lasă-ne să transformăm visurile tale în","151","884","Indexable",""
"https://www.echipadetocilari.ro/portofoliu/","1","La Echipa de Tocilari, îți oferim ție și afacerii tale posibilitatea de a alege unul dintre numeroasele template-uri disponibile, fiecare fiind proiectat cu","156","891","Indexable",""
"https://www.echipadetocilari.ro/administrare-site/","1","Beneficiază de serviciile noastre în administrare site și mentenață și crește-ți afacerea online cu succes!","107","633","Indexable",""
"https://www.echipadetocilari.ro/contact/","1","Noi te putem ajuta, indferent de orasul in care te afli. Ne-ar face mare placere sa luam legatura si sa te ajutam cu proiectul pe care il ai! Scrie-ne un","153","892","Indexable",""
"https://www.echipadetocilari.ro/servicii-seo/","1","Servicii SEO on page:","21","128","Indexable",""
"https://www.echipadetocilari.ro/about-2/","1","Lorem ipsum dolor sit rot off gamet, cons ctetur adipi scing elit. Proin rutrum euismod dolor, ultri Lies aliq luam ekolor.","123","724","Indexable",""
"https://www.echipadetocilari.ro/services/","1","Lorem ipsum dolor sit amet, cons ctetur adiop iscing elit, sed do eiusmod tempor incid didunt ult labore et dolore magna aliqua ryuti dfyo jfko desr.","149","897","Indexable",""
"https://www.echipadetocilari.ro/clients/","1","Lorem ipsum dolor sit orot amet, cons ectetur adip scing elit. Proin rutrum euismod dolor, ultricies aliq luam off kool or taka ekolor.","135","800","Indexable",""
