"Address","Occurrences","Meta Keywords 1","Meta Keywords 1 Length","Indexability","Indexability Status"
"https://www.echipadetocilari.ro/","0","","0","Indexable",""
"https://www.echipadetocilari.ro/creare-site-web/","0","","0","Indexable",""
"https://www.echipadetocilari.ro/portofoliu/","0","","0","Indexable",""
"https://www.echipadetocilari.ro/administrare-site/","0","","0","Indexable",""
"https://www.echipadetocilari.ro/contact/","0","","0","Indexable",""
"https://www.echipadetocilari.ro/servicii-seo/","0","","0","Indexable",""
"https://www.echipadetocilari.ro/about-2/","0","","0","Indexable",""
"https://www.echipadetocilari.ro/services/","0","","0","Indexable",""
"https://www.echipadetocilari.ro/clients/","0","","0","Indexable",""
