"Address","Occurrences","Title 1","Title 1 Length","Title 1 Pixel Width","Indexability","Indexability Status"
"https://www.echipadetocilari.ro/","1","Home | Echipa De Tocilari","25","228","Indexable",""
"https://www.echipadetocilari.ro/creare-site-web/","1","Creare Site Web | Echipa De Tocilari","36","319","Indexable",""
"https://www.echipadetocilari.ro/portofoliu/","1","Portofoliu | Echipa De Tocilari","31","262","Indexable",""
"https://www.echipadetocilari.ro/administrare-site/","1","Administrare Site | Echipa De Tocilari","38","330","Indexable",""
"https://www.echipadetocilari.ro/contact/","1","Contact | Echipa De Tocilari","28","244","Indexable",""
"https://www.echipadetocilari.ro/servicii-seo/","1","Servicii SEO | Echipa De Tocilari","33","281","Indexable",""
"https://www.echipadetocilari.ro/about-2/","1","About | Echipa De Tocilari","26","227","Indexable",""
"https://www.echipadetocilari.ro/services/","1","Services | Echipa De Tocilari","29","250","Indexable",""
"https://www.echipadetocilari.ro/clients/","1","Clients | Echipa De Tocilari","28","236","Indexable",""
