"Address","Indexability","Indexability Status","rel=""next"" 1","rel=""prev"" 1","HTTP rel=""next"" 1","HTTP rel=""prev"" 1","Canonical Link Element 1","HTTP Canonical","Meta Robots 1","X-Robots-Tag 1"
"https://www.echipadetocilari.ro/","Indexable","","","","","","https://www.echipadetocilari.ro/","","follow, index, max-snippet:-1, max-video-preview:-1, max-image-preview:large",""
"https://www.echipadetocilari.ro/creare-site-web/","Indexable","","","","","","https://www.echipadetocilari.ro/creare-site-web/","","follow, index, max-snippet:-1, max-video-preview:-1, max-image-preview:large",""
"https://www.echipadetocilari.ro/portofoliu/","Indexable","","","","","","https://www.echipadetocilari.ro/portofoliu/","","follow, index, max-snippet:-1, max-video-preview:-1, max-image-preview:large",""
"https://www.echipadetocilari.ro/administrare-site/","Indexable","","","","","","https://www.echipadetocilari.ro/administrare-site/","","follow, index, max-snippet:-1, max-video-preview:-1, max-image-preview:large",""
"https://www.echipadetocilari.ro/contact/","Indexable","","","","","","https://www.echipadetocilari.ro/contact/","","follow, index, max-snippet:-1, max-video-preview:-1, max-image-preview:large",""
"https://www.echipadetocilari.ro/servicii-seo/","Indexable","","","","","","https://www.echipadetocilari.ro/servicii-seo/","","follow, index, max-snippet:-1, max-video-preview:-1, max-image-preview:large",""
"https://www.echipadetocilari.ro/about-2/","Indexable","","","","","","https://www.echipadetocilari.ro/about-2/","","follow, index, max-snippet:-1, max-video-preview:-1, max-image-preview:large",""
"https://www.echipadetocilari.ro/services/","Indexable","","","","","","https://www.echipadetocilari.ro/services/","","follow, index, max-snippet:-1, max-video-preview:-1, max-image-preview:large",""
"https://www.echipadetocilari.ro/clients/","Indexable","","","","","","https://www.echipadetocilari.ro/clients/","","follow, index, max-snippet:-1, max-video-preview:-1, max-image-preview:large",""
