"Address","Content Type","Status Code","Status","Indexability","Indexability Status","Hash","Length","Canonical Link Element 1","URL Encoded Address"
"https://echipadetocilari.ro/","text/html; charset=UTF-8","301","Moved Permanently","Non-Indexable","Redirected","","28","","https://echipadetocilari.ro/"
"https://www.echipadetocilari.ro/","text/html; charset=UTF-8","200","OK","Indexable","","ffdd05dab7b3cf0d608244c506abf105","32","https://www.echipadetocilari.ro/","https://www.echipadetocilari.ro/"
"https://www.echipadetocilari.ro/wp-includes/js/dist/hooks.min.js?ver=7496969728ca0f95732d","application/javascript","200","OK","Indexable","","","89","","https://www.echipadetocilari.ro/wp-includes/js/dist/hooks.min.js?ver=7496969728ca0f95732d"
"https://www.echipadetocilari.ro/wp-content/uploads/2024/02/Logo_Echipa_de_Tocilari-e1708028624694.webp","image/webp","200","OK","Indexable","","","102","","https://www.echipadetocilari.ro/wp-content/uploads/2024/02/Logo_Echipa_de_Tocilari-e1708028624694.webp"
"https://www.echipadetocilari.ro/wp-includes/js/jquery/jquery.min.js?ver=3.7.1","application/javascript","200","OK","Indexable","","","77","","https://www.echipadetocilari.ro/wp-includes/js/jquery/jquery.min.js?ver=3.7.1"
"https://www.echipadetocilari.ro/wp-content/uploads/elementor/css/post-3355.css?ver=1785969245","text/css","200","OK","Indexable","","","93","","https://www.echipadetocilari.ro/wp-content/uploads/elementor/css/post-3355.css?ver=1785969245"
"https://www.echipadetocilari.ro/wp-content/plugins/elementor/assets/js/webpack.runtime.min.js?ver=4.1.4","application/javascript","200","OK","Indexable","","","103","","https://www.echipadetocilari.ro/wp-content/plugins/elementor/assets/js/webpack.runtime.min.js?ver=4.1.4"
"https://www.echipadetocilari.ro/wp-includes/js/dist/element.min.js?ver=15ba804677f72a8db97b","application/javascript","200","OK","Indexable","","","91","","https://www.echipadetocilari.ro/wp-includes/js/dist/element.min.js?ver=15ba804677f72a8db97b"
"https://www.echipadetocilari.ro/wp-content/plugins/astra-portfolio/dist/fscript.js?ver=1.13.3","application/javascript","200","OK","Indexable","","","93","","https://www.echipadetocilari.ro/wp-content/plugins/astra-portfolio/dist/fscript.js?ver=1.13.3"
"https://www.echipadetocilari.ro/wp-content/uploads/elementor/css/post-3359.css?ver=1785969245","text/css","200","OK","Indexable","","","93","","https://www.echipadetocilari.ro/wp-content/uploads/elementor/css/post-3359.css?ver=1785969245"
"https://www.echipadetocilari.ro/wp-content/plugins/elementor/assets/css/conditionals/e-swiper.min.css?ver=4.1.4","text/css","200","OK","Indexable","","","111","","https://www.echipadetocilari.ro/wp-content/plugins/elementor/assets/css/conditionals/e-swiper.min.css?ver=4.1.4"
"https://www.echipadetocilari.ro/creare-site-web/","text/html; charset=UTF-8","200","OK","Indexable","","daae5fd571ca63d8474c09a15187a1d7","48","https://www.echipadetocilari.ro/creare-site-web/","https://www.echipadetocilari.ro/creare-site-web/"
"https://www.echipadetocilari.ro/wp-content/plugins/elementor-pro/assets/css/modules/motion-fx.min.css?ver=3.29.0","text/css","200","OK","Indexable","","","112","","https://www.echipadetocilari.ro/wp-content/plugins/elementor-pro/assets/css/modules/motion-fx.min.css?ver=3.29.0"
"https://www.echipadetocilari.ro/wp-content/plugins/elementor-pro/assets/js/webpack-pro.runtime.min.js?ver=3.29.0","application/javascript","200","OK","Indexable","","","112","","https://www.echipadetocilari.ro/wp-content/plugins/elementor-pro/assets/js/webpack-pro.runtime.min.js?ver=3.29.0"
"https://www.echipadetocilari.ro/wp-includes/js/jquery/jquery-migrate.min.js?ver=3.4.1","application/javascript","200","OK","Indexable","","","85","","https://www.echipadetocilari.ro/wp-includes/js/jquery/jquery-migrate.min.js?ver=3.4.1"
"https://www.echipadetocilari.ro/wp-content/plugins/astra-portfolio/dist/fscript.css?ver=1.13.3","text/css","200","OK","Indexable","","","94","","https://www.echipadetocilari.ro/wp-content/plugins/astra-portfolio/dist/fscript.css?ver=1.13.3"
"https://www.echipadetocilari.ro/wp-content/uploads/elementor/google-fonts/css/notosans.css?ver=1743230289","text/css","200","OK","Indexable","","","105","","https://www.echipadetocilari.ro/wp-content/uploads/elementor/google-fonts/css/notosans.css?ver=1743230289"
"https://www.echipadetocilari.ro/wp-content/plugins/elementor/assets/css/frontend.min.css?ver=4.1.4","text/css","200","OK","Indexable","","","98","","https://www.echipadetocilari.ro/wp-content/plugins/elementor/assets/css/frontend.min.css?ver=4.1.4"
"https://www.echipadetocilari.ro/wp-includes/css/dashicons.min.css?ver=7.0.2","text/css","200","OK","Indexable","","","75","","https://www.echipadetocilari.ro/wp-includes/css/dashicons.min.css?ver=7.0.2"
"https://www.echipadetocilari.ro/wp-content/plugins/elementor/assets/js/frontend.min.js?ver=4.1.4","application/javascript","200","OK","Indexable","","","96","","https://www.echipadetocilari.ro/wp-content/plugins/elementor/assets/js/frontend.min.js?ver=4.1.4"
"https://www.echipadetocilari.ro/wp-content/plugins/elementor/assets/css/widget-image.min.css?ver=4.1.4","text/css","200","OK","Indexable","","","102","","https://www.echipadetocilari.ro/wp-content/plugins/elementor/assets/css/widget-image.min.css?ver=4.1.4"
"https://www.echipadetocilari.ro/wp-content/uploads/elementor/css/post-3353.css?ver=1785969244","text/css","200","OK","Indexable","","","93","","https://www.echipadetocilari.ro/wp-content/uploads/elementor/css/post-3353.css?ver=1785969244"
"https://www.echipadetocilari.ro/wp-content/themes/hello-elementor/assets/js/hello-frontend.min.js?ver=3.0.1","application/javascript","200","OK","Indexable","","","107","","https://www.echipadetocilari.ro/wp-content/themes/hello-elementor/assets/js/hello-frontend.min.js?ver=3.0.1"
"https://www.echipadetocilari.ro/wp-content/plugins/astra-portfolio/assets/vendor/js/min/magnific-popup.min.js?ver=1.13.3","application/javascript","200","OK","Indexable","","","120","","https://www.echipadetocilari.ro/wp-content/plugins/astra-portfolio/assets/vendor/js/min/magnific-popup.min.js?ver=1.13.3"
"https://www.echipadetocilari.ro/wp-content/plugins/elementor-pro/assets/css/widget-form.min.css?ver=3.29.0","text/css","200","OK","Indexable","","","106","","https://www.echipadetocilari.ro/wp-content/plugins/elementor-pro/assets/css/widget-form.min.css?ver=3.29.0"
"https://www.echipadetocilari.ro/wp-content/plugins/elementor-pro/assets/lib/smartmenus/jquery.smartmenus.min.js?ver=1.2.1","application/javascript","200","OK","Indexable","","","121","","https://www.echipadetocilari.ro/wp-content/plugins/elementor-pro/assets/lib/smartmenus/jquery.smartmenus.min.js?ver=1.2.1"
"https://www.echipadetocilari.ro/wp-content/plugins/elementor-pro/assets/js/frontend.min.js?ver=3.29.0","application/javascript","200","OK","Indexable","","","101","","https://www.echipadetocilari.ro/wp-content/plugins/elementor-pro/assets/js/frontend.min.js?ver=3.29.0"
"https://www.echipadetocilari.ro/wp-includes/js/jquery/ui/core.min.js?ver=1.13.3","application/javascript","200","OK","Indexable","","","79","","https://www.echipadetocilari.ro/wp-includes/js/jquery/ui/core.min.js?ver=1.13.3"
"https://www.echipadetocilari.ro/wp-content/themes/hello-elementor/style.min.css?ver=3.0.1","text/css","200","OK","Indexable","","","89","","https://www.echipadetocilari.ro/wp-content/themes/hello-elementor/style.min.css?ver=3.0.1"
"https://www.echipadetocilari.ro/wp-content/plugins/elementor/assets/lib/animations/styles/e-animation-grow.min.css?ver=4.1.4","text/css","200","OK","Indexable","","","124","","https://www.echipadetocilari.ro/wp-content/plugins/elementor/assets/lib/animations/styles/e-animation-grow.min.css?ver=4.1.4"
"https://www.echipadetocilari.ro/wp-content/themes/hello-elementor/theme.min.css?ver=3.0.1","text/css","200","OK","Indexable","","","89","","https://www.echipadetocilari.ro/wp-content/themes/hello-elementor/theme.min.css?ver=3.0.1"
"https://www.echipadetocilari.ro/wp-includes/js/dist/vendor/react.min.js?ver=18.3.1.1","application/javascript","200","OK","Indexable","","","84","","https://www.echipadetocilari.ro/wp-includes/js/dist/vendor/react.min.js?ver=18.3.1.1"
"https://www.echipadetocilari.ro/wp-content/plugins/elementor-pro/assets/css/widget-nav-menu.min.css?ver=3.29.0","text/css","200","OK","Indexable","","","110","","https://www.echipadetocilari.ro/wp-content/plugins/elementor-pro/assets/css/widget-nav-menu.min.css?ver=3.29.0"
"https://www.echipadetocilari.ro/wp-includes/js/dist/escape-html.min.js?ver=3f093e5cca67aa0f8b56","application/javascript","200","OK","Indexable","","","95","","https://www.echipadetocilari.ro/wp-includes/js/dist/escape-html.min.js?ver=3f093e5cca67aa0f8b56"
"https://www.echipadetocilari.ro/wp-content/plugins/elementor/assets/css/widget-heading.min.css?ver=4.1.4","text/css","200","OK","Indexable","","","104","","https://www.echipadetocilari.ro/wp-content/plugins/elementor/assets/css/widget-heading.min.css?ver=4.1.4"
"https://www.echipadetocilari.ro/wp-content/plugins/elementor-pro/assets/css/widget-lottie.min.css?ver=3.29.0","text/css","200","OK","Indexable","","","108","","https://www.echipadetocilari.ro/wp-content/plugins/elementor-pro/assets/css/widget-lottie.min.css?ver=3.29.0"
"https://www.echipadetocilari.ro/wp-content/plugins/elementor-pro/assets/lib/lottie/lottie.min.js?ver=5.6.6","application/javascript","200","OK","Indexable","","","106","","https://www.echipadetocilari.ro/wp-content/plugins/elementor-pro/assets/lib/lottie/lottie.min.js?ver=5.6.6"
"https://www.echipadetocilari.ro/wp-includes/js/dist/dom-ready.min.js?ver=a06281ae5cf5500e9317","application/javascript","200","OK","Indexable","","","93","","https://www.echipadetocilari.ro/wp-includes/js/dist/dom-ready.min.js?ver=a06281ae5cf5500e9317"
"https://www.echipadetocilari.ro/wp-content/uploads/elementor/google-fonts/css/montserrat.css?ver=1743230266","text/css","200","OK","Indexable","","","107","","https://www.echipadetocilari.ro/wp-content/uploads/elementor/google-fonts/css/montserrat.css?ver=1743230266"
"https://www.echipadetocilari.ro/wp-includes/js/dist/vendor/react-dom.min.js?ver=18.3.1.1","application/javascript","200","OK","Indexable","","","88","","https://www.echipadetocilari.ro/wp-includes/js/dist/vendor/react-dom.min.js?ver=18.3.1.1"
"https://www.echipadetocilari.ro/portofoliu/","text/html; charset=UTF-8","200","OK","Indexable","","369d2362dd3a76fdd5ceeb25f3c290ad","43","https://www.echipadetocilari.ro/portofoliu/","https://www.echipadetocilari.ro/portofoliu/"
"https://www.echipadetocilari.ro/wp-content/plugins/astra-pro-sites/inc/lib/onboarding/assets/dist/template-preview/main.js?ver=aabd2ae4238bd052108b","application/javascript","200","OK","Indexable","","","147","","https://www.echipadetocilari.ro/wp-content/plugins/astra-pro-sites/inc/lib/onboarding/assets/dist/template-preview/main.js?ver=aabd2ae4238bd052108b"
"https://www.echipadetocilari.ro/wp-content/plugins/elementor/assets/lib/swiper/v8/swiper.min.js?ver=8.4.5","application/javascript","200","OK","Indexable","","","105","","https://www.echipadetocilari.ro/wp-content/plugins/elementor/assets/lib/swiper/v8/swiper.min.js?ver=8.4.5"
"https://www.echipadetocilari.ro/administrare-site/","text/html; charset=UTF-8","200","OK","Indexable","","f979c396904005de3209c45bdc614824","50","https://www.echipadetocilari.ro/administrare-site/","https://www.echipadetocilari.ro/administrare-site/"
"https://www.echipadetocilari.ro/wp-content/uploads/elementor/google-fonts/css/varelaround.css?ver=1743230253","text/css","200","OK","Indexable","","","108","","https://www.echipadetocilari.ro/wp-content/uploads/elementor/google-fonts/css/varelaround.css?ver=1743230253"
"https://www.echipadetocilari.ro/wp-content/uploads/elementor/css/post-3381.css?ver=1785969245","text/css","200","OK","Indexable","","","93","","https://www.echipadetocilari.ro/wp-content/uploads/elementor/css/post-3381.css?ver=1785969245"
"https://www.echipadetocilari.ro/wp-content/plugins/elementor-pro/assets/css/widget-carousel-module-base.min.css?ver=3.29.0","text/css","200","OK","Indexable","","","122","","https://www.echipadetocilari.ro/wp-content/plugins/elementor-pro/assets/css/widget-carousel-module-base.min.css?ver=3.29.0"
"https://www.echipadetocilari.ro/wp-content/plugins/elementor/assets/css/widget-icon-list.min.css?ver=4.1.4","text/css","200","OK","Indexable","","","106","","https://www.echipadetocilari.ro/wp-content/plugins/elementor/assets/css/widget-icon-list.min.css?ver=4.1.4"
"https://www.echipadetocilari.ro/contact/","text/html; charset=UTF-8","200","OK","Indexable","","886e546766e13434b23d6bd4f99b291d","40","https://www.echipadetocilari.ro/contact/","https://www.echipadetocilari.ro/contact/"
"https://www.echipadetocilari.ro/wp-content/plugins/elementor/assets/css/widget-icon-box.min.css?ver=4.1.4","text/css","200","OK","Indexable","","","105","","https://www.echipadetocilari.ro/wp-content/plugins/elementor/assets/css/widget-icon-box.min.css?ver=4.1.4"
"https://www.echipadetocilari.ro/servicii-seo/","text/html; charset=UTF-8","200","OK","Indexable","","a1b0caa315be3f011b615a2e95444cee","45","https://www.echipadetocilari.ro/servicii-seo/","https://www.echipadetocilari.ro/servicii-seo/"
"https://www.echipadetocilari.ro/wp-content/plugins/elementor/assets/lib/animations/styles/fadeInUp.min.css?ver=4.1.4","text/css","200","OK","Indexable","","","116","","https://www.echipadetocilari.ro/wp-content/plugins/elementor/assets/lib/animations/styles/fadeInUp.min.css?ver=4.1.4"
"https://www.echipadetocilari.ro/wp-content/plugins/elementor/assets/js/frontend-modules.min.js?ver=4.1.4","application/javascript","200","OK","Indexable","","","104","","https://www.echipadetocilari.ro/wp-content/plugins/elementor/assets/js/frontend-modules.min.js?ver=4.1.4"
"https://www.echipadetocilari.ro/wp-content/plugins/elementor/assets/css/conditionals/shapes.min.css?ver=4.1.4","text/css","200","OK","Indexable","","","109","","https://www.echipadetocilari.ro/wp-content/plugins/elementor/assets/css/conditionals/shapes.min.css?ver=4.1.4"
"https://www.echipadetocilari.ro/wp-content/plugins/elementor-pro/assets/js/elements-handlers.min.js?ver=3.29.0","application/javascript","200","OK","Indexable","","","110","","https://www.echipadetocilari.ro/wp-content/plugins/elementor-pro/assets/js/elements-handlers.min.js?ver=3.29.0"
"https://www.echipadetocilari.ro/wp-content/themes/hello-elementor/header-footer.min.css?ver=3.0.1","text/css","200","OK","Indexable","","","97","","https://www.echipadetocilari.ro/wp-content/themes/hello-elementor/header-footer.min.css?ver=3.0.1"
"https://www.echipadetocilari.ro/wp-content/plugins/elementor/assets/lib/swiper/v8/css/swiper.min.css?ver=8.4.5","text/css","200","OK","Indexable","","","110","","https://www.echipadetocilari.ro/wp-content/plugins/elementor/assets/lib/swiper/v8/css/swiper.min.css?ver=8.4.5"
"https://www.echipadetocilari.ro/wp-content/plugins/elementor-pro/assets/css/widget-testimonial-carousel.min.css?ver=3.29.0","text/css","200","OK","Indexable","","","122","","https://www.echipadetocilari.ro/wp-content/plugins/elementor-pro/assets/css/widget-testimonial-carousel.min.css?ver=3.29.0"
"https://www.echipadetocilari.ro/wp-content/plugins/elementor/assets/css/widget-toggle.min.css?ver=4.1.4","text/css","200","OK","Indexable","","","103","","https://www.echipadetocilari.ro/wp-content/plugins/elementor/assets/css/widget-toggle.min.css?ver=4.1.4"
"https://www.echipadetocilari.ro/wp-includes/js/dist/i18n.min.js?ver=781d11515ad3d91786ec","application/javascript","200","OK","Indexable","","","88","","https://www.echipadetocilari.ro/wp-includes/js/dist/i18n.min.js?ver=781d11515ad3d91786ec"
"https://www.echipadetocilari.ro/about-2/","text/html; charset=UTF-8","200","OK","Indexable","","542eff7bd67bc6af520c31de33c4e87f","40","https://www.echipadetocilari.ro/about-2/","https://www.echipadetocilari.ro/about-2/"
"https://www.echipadetocilari.ro/wp-content/uploads/2024/03/procesul-de-optimizare-servicii-seo-e1709318900778-736x1024.webp","image/webp","200","OK","Indexable","","","123","","https://www.echipadetocilari.ro/wp-content/uploads/2024/03/procesul-de-optimizare-servicii-seo-e1709318900778-736x1024.webp"
"https://www.echipadetocilari.ro/wp-content/uploads/2024/03/servicii-seo-boost-afacere.png","image/png","200","OK","Indexable","","","89","","https://www.echipadetocilari.ro/wp-content/uploads/2024/03/servicii-seo-boost-afacere.png"
"https://www.echipadetocilari.ro/wp-content/uploads/2024/02/CTA-About-new.png","image/png","200","OK","Indexable","","","76","","https://www.echipadetocilari.ro/wp-content/uploads/2024/02/CTA-About-new.png"
"https://www.echipadetocilari.ro/wp-content/uploads/elementor/css/post-3410.css?ver=1786038633","text/css","200","OK","Indexable","","","93","","https://www.echipadetocilari.ro/wp-content/uploads/elementor/css/post-3410.css?ver=1786038633"
"https://www.echipadetocilari.ro/wp-content/plugins/elementor/assets/css/widget-image-carousel.min.css?ver=4.1.4","text/css","200","OK","Indexable","","","111","","https://www.echipadetocilari.ro/wp-content/plugins/elementor/assets/css/widget-image-carousel.min.css?ver=4.1.4"
"https://www.echipadetocilari.ro/wp-content/uploads/2024/02/4.png","image/png","200","OK","Indexable","","","64","","https://www.echipadetocilari.ro/wp-content/uploads/2024/02/4.png"
"https://www.echipadetocilari.ro/wp-content/uploads/2024/02/13.png","image/png","200","OK","Indexable","","","65","","https://www.echipadetocilari.ro/wp-content/uploads/2024/02/13.png"
"https://www.echipadetocilari.ro/wp-content/plugins/elementor-pro/assets/css/widget-call-to-action.min.css?ver=3.29.0","text/css","200","OK","Indexable","","","116","","https://www.echipadetocilari.ro/wp-content/plugins/elementor-pro/assets/css/widget-call-to-action.min.css?ver=3.29.0"
"https://www.echipadetocilari.ro/wp-content/plugins/elementor/assets/css/widget-menu-anchor.min.css?ver=4.1.4","text/css","200","OK","Indexable","","","108","","https://www.echipadetocilari.ro/wp-content/plugins/elementor/assets/css/widget-menu-anchor.min.css?ver=4.1.4"
"https://www.echipadetocilari.ro/wp-content/uploads/2024/02/16.png","image/png","200","OK","Indexable","","","65","","https://www.echipadetocilari.ro/wp-content/uploads/2024/02/16.png"
"https://www.echipadetocilari.ro/wp-content/uploads/2024/02/8.png","image/png","200","OK","Indexable","","","64","","https://www.echipadetocilari.ro/wp-content/uploads/2024/02/8.png"
"https://www.echipadetocilari.ro/wp-content/uploads/2024/02/14.png","image/png","200","OK","Indexable","","","65","","https://www.echipadetocilari.ro/wp-content/uploads/2024/02/14.png"
"https://www.echipadetocilari.ro/wp-content/uploads/2024/02/1.png","image/png","200","OK","Indexable","","","64","","https://www.echipadetocilari.ro/wp-content/uploads/2024/02/1.png"
"https://www.echipadetocilari.ro/services/","text/html; charset=UTF-8","200","OK","Indexable","","77d55f1ac2f4c921f070452feb415b5e","41","https://www.echipadetocilari.ro/services/","https://www.echipadetocilari.ro/services/"
"https://www.echipadetocilari.ro/wp-content/uploads/2024/02/About-Page-intro-pic.png","image/png","200","OK","Indexable","","","83","","https://www.echipadetocilari.ro/wp-content/uploads/2024/02/About-Page-intro-pic.png"
"https://www.echipadetocilari.ro/wp-content/uploads/2024/02/3.png","image/png","200","OK","Indexable","","","64","","https://www.echipadetocilari.ro/wp-content/uploads/2024/02/3.png"
"https://www.echipadetocilari.ro/wp-content/uploads/2024/03/echipa-de-tocilari-servicii-seo.webp","image/webp","200","OK","Indexable","","","95","","https://www.echipadetocilari.ro/wp-content/uploads/2024/03/echipa-de-tocilari-servicii-seo.webp"
"https://www.echipadetocilari.ro/wp-content/plugins/elementor-pro/assets/css/conditionals/transitions.min.css?ver=3.29.0","text/css","200","OK","Indexable","","","119","","https://www.echipadetocilari.ro/wp-content/plugins/elementor-pro/assets/css/conditionals/transitions.min.css?ver=3.29.0"
"https://www.echipadetocilari.ro/wp-content/plugins/elementor/assets/lib/animations/styles/fadeInRight.min.css?ver=4.1.4","text/css","200","OK","Indexable","","","119","","https://www.echipadetocilari.ro/wp-content/plugins/elementor/assets/lib/animations/styles/fadeInRight.min.css?ver=4.1.4"
"https://www.echipadetocilari.ro/wp-content/uploads/elementor/css/post-4105.css?ver=1786038637","text/css","200","OK","Indexable","","","93","","https://www.echipadetocilari.ro/wp-content/uploads/elementor/css/post-4105.css?ver=1786038637"
"https://www.echipadetocilari.ro/wp-content/uploads/elementor/css/post-3461.css?ver=1786038635","text/css","200","OK","Indexable","","","93","","https://www.echipadetocilari.ro/wp-content/uploads/elementor/css/post-3461.css?ver=1786038635"
"https://www.echipadetocilari.ro/wp-content/uploads/2024/03/administrare-site-echipa-de-tocilari.webp","image/webp","200","OK","Indexable","","","100","","https://www.echipadetocilari.ro/wp-content/uploads/2024/03/administrare-site-echipa-de-tocilari.webp"
"https://www.echipadetocilari.ro/wp-content/uploads/elementor/css/post-4297.css?ver=1786006072","text/css","200","OK","Indexable","","","93","","https://www.echipadetocilari.ro/wp-content/uploads/elementor/css/post-4297.css?ver=1786006072"
"https://www.echipadetocilari.ro/wp-content/plugins/astra-portfolio/assets/vendor/js/min/lazy.min.js?ver=1.13.3","application/javascript","200","OK","Indexable","","","110","","https://www.echipadetocilari.ro/wp-content/plugins/astra-portfolio/assets/vendor/js/min/lazy.min.js?ver=1.13.3"
"https://www.echipadetocilari.ro/wp-includes/js/imagesloaded.min.js?ver=5.0.0","application/javascript","200","OK","Indexable","","","76","","https://www.echipadetocilari.ro/wp-includes/js/imagesloaded.min.js?ver=5.0.0"
"https://www.echipadetocilari.ro/wp-content/uploads/elementor/css/post-4988.css?ver=1786015399","text/css","200","OK","Indexable","","","93","","https://www.echipadetocilari.ro/wp-content/uploads/elementor/css/post-4988.css?ver=1786015399"
"https://www.echipadetocilari.ro/wp-includes/js/wp-util.min.js?ver=7.0.2","application/javascript","200","OK","Indexable","","","71","","https://www.echipadetocilari.ro/wp-includes/js/wp-util.min.js?ver=7.0.2"
"https://www.echipadetocilari.ro/wp-content/plugins/astra-portfolio/assets/js/min/shortcode.min.js?ver=1.13.3","application/javascript","200","OK","Indexable","","","108","","https://www.echipadetocilari.ro/wp-content/plugins/astra-portfolio/assets/js/min/shortcode.min.js?ver=1.13.3"
"https://www.echipadetocilari.ro/wp-includes/js/jquery/jquery.masonry.min.js?ver=3.1.2b","application/javascript","200","OK","Indexable","","","86","","https://www.echipadetocilari.ro/wp-includes/js/jquery/jquery.masonry.min.js?ver=3.1.2b"
"https://www.echipadetocilari.ro/wp-includes/js/thickbox/thickbox.js?ver=3.1-20121105","application/javascript","200","OK","Indexable","","","84","","https://www.echipadetocilari.ro/wp-includes/js/thickbox/thickbox.js?ver=3.1-20121105"
"https://www.echipadetocilari.ro/wp-includes/js/masonry.min.js?ver=4.2.2","application/javascript","200","OK","Indexable","","","71","","https://www.echipadetocilari.ro/wp-includes/js/masonry.min.js?ver=4.2.2"
"https://www.echipadetocilari.ro/wp-includes/js/underscore.min.js?ver=1.13.8","application/javascript","200","OK","Indexable","","","75","","https://www.echipadetocilari.ro/wp-includes/js/underscore.min.js?ver=1.13.8"
"https://www.echipadetocilari.ro/wp-content/plugins/astra-portfolio/assets/js/min/astra-portfolio-api.min.js?ver=1.13.3","application/javascript","200","OK","Indexable","","","118","","https://www.echipadetocilari.ro/wp-content/plugins/astra-portfolio/assets/js/min/astra-portfolio-api.min.js?ver=1.13.3"
"https://www.echipadetocilari.ro/wp-content/plugins/astra-portfolio/assets/vendor/js/min/history.min.js?ver=1.13.3","application/javascript","200","OK","Indexable","","","113","","https://www.echipadetocilari.ro/wp-content/plugins/astra-portfolio/assets/vendor/js/min/history.min.js?ver=1.13.3"
"https://www.echipadetocilari.ro/wp-content/uploads/2024/02/vr-768x905.webp","image/webp","200","OK","Indexable","","","74","","https://www.echipadetocilari.ro/wp-content/uploads/2024/02/vr-768x905.webp"
"https://www.echipadetocilari.ro/wp-content/uploads/elementor/css/post-3471.css?ver=1785970913","text/css","200","OK","Indexable","","","93","","https://www.echipadetocilari.ro/wp-content/uploads/elementor/css/post-3471.css?ver=1785970913"
"https://www.echipadetocilari.ro/wp-content/plugins/elementor/assets/lib/animations/styles/fadeInLeft.min.css?ver=4.1.4","text/css","200","OK","Indexable","","","118","","https://www.echipadetocilari.ro/wp-content/plugins/elementor/assets/lib/animations/styles/fadeInLeft.min.css?ver=4.1.4"
"https://www.echipadetocilari.ro/wp-content/plugins/elementor-pro/assets/css/widget-countdown.min.css?ver=3.29.0","text/css","200","OK","Indexable","","","111","","https://www.echipadetocilari.ro/wp-content/plugins/elementor-pro/assets/css/widget-countdown.min.css?ver=3.29.0"
"https://www.echipadetocilari.ro/wp-content/plugins/elementor/assets/css/widget-progress.min.css?ver=4.1.4","text/css","200","OK","Indexable","","","105","","https://www.echipadetocilari.ro/wp-content/plugins/elementor/assets/css/widget-progress.min.css?ver=4.1.4"
"https://www.echipadetocilari.ro/wp-content/uploads/2024/02/work-1024x707.png","image/png","200","OK","Indexable","","","76","","https://www.echipadetocilari.ro/wp-content/uploads/2024/02/work-1024x707.png"
"https://www.echipadetocilari.ro/wp-content/uploads/2024/02/click.png","image/png","200","OK","Indexable","","","68","","https://www.echipadetocilari.ro/wp-content/uploads/2024/02/click.png"
"https://www.echipadetocilari.ro/wp-content/uploads/2024/02/character-4FKAQPE.png","image/png","200","OK","Indexable","","","80","","https://www.echipadetocilari.ro/wp-content/uploads/2024/02/character-4FKAQPE.png"
"https://www.echipadetocilari.ro/wp-content/uploads/2024/02/Tocilar-creare-site-web.webp","image/webp","200","OK","Indexable","","","87","","https://www.echipadetocilari.ro/wp-content/uploads/2024/02/Tocilar-creare-site-web.webp"
"https://www.echipadetocilari.ro/wp-content/uploads/2024/02/Our-Services-pic-1.png","image/png","200","OK","Indexable","","","81","","https://www.echipadetocilari.ro/wp-content/uploads/2024/02/Our-Services-pic-1.png"
"https://www.echipadetocilari.ro/wp-content/uploads/2024/02/Our-Services-pic-2.png","image/png","200","OK","Indexable","","","81","","https://www.echipadetocilari.ro/wp-content/uploads/2024/02/Our-Services-pic-2.png"
"https://www.echipadetocilari.ro/wp-content/uploads/2024/02/CTA-Our-Services.png","image/png","200","OK","Indexable","","","79","","https://www.echipadetocilari.ro/wp-content/uploads/2024/02/CTA-Our-Services.png"
"https://www.echipadetocilari.ro/wp-content/uploads/elementor/css/post-3426.css?ver=1786038641","text/css","200","OK","Indexable","","","93","","https://www.echipadetocilari.ro/wp-content/uploads/elementor/css/post-3426.css?ver=1786038641"
"https://www.echipadetocilari.ro/clients/","text/html; charset=UTF-8","200","OK","Indexable","","22642b1b9c5c2c04b9c55d52d92a1a4a","40","https://www.echipadetocilari.ro/clients/","https://www.echipadetocilari.ro/clients/"
"https://www.echipadetocilari.ro/wp-content/uploads/2024/02/Our-Clients-pic-1.png","image/png","200","OK","Indexable","","","80","","https://www.echipadetocilari.ro/wp-content/uploads/2024/02/Our-Clients-pic-1.png"
"https://www.echipadetocilari.ro/wp-content/uploads/2024/02/12-1.png","image/png","200","OK","Indexable","","","67","","https://www.echipadetocilari.ro/wp-content/uploads/2024/02/12-1.png"
"https://www.echipadetocilari.ro/wp-content/uploads/2024/02/2.png","image/png","200","OK","Indexable","","","64","","https://www.echipadetocilari.ro/wp-content/uploads/2024/02/2.png"
"https://www.echipadetocilari.ro/wp-content/uploads/elementor/css/post-3438.css?ver=1786038639","text/css","200","OK","Indexable","","","93","","https://www.echipadetocilari.ro/wp-content/uploads/elementor/css/post-3438.css?ver=1786038639"
"https://www.echipadetocilari.ro/wp-content/uploads/2024/02/16-1.png","image/png","200","OK","Indexable","","","67","","https://www.echipadetocilari.ro/wp-content/uploads/2024/02/16-1.png"
"https://www.echipadetocilari.ro/wp-content/uploads/2024/02/9.png","image/png","200","OK","Indexable","","","64","","https://www.echipadetocilari.ro/wp-content/uploads/2024/02/9.png"
"https://www.echipadetocilari.ro/wp-content/uploads/2024/02/Clients-CTA-Footer.jpg","image/jpeg","200","OK","Indexable","","","81","","https://www.echipadetocilari.ro/wp-content/uploads/2024/02/Clients-CTA-Footer.jpg"
"https://www.echipadetocilari.ro/wp-content/uploads/2024/02/Testimonial-3-1.png","image/png","200","OK","Indexable","","","78","","https://www.echipadetocilari.ro/wp-content/uploads/2024/02/Testimonial-3-1.png"
"https://www.echipadetocilari.ro/wp-content/uploads/2024/02/6.png","image/png","200","OK","Indexable","","","64","","https://www.echipadetocilari.ro/wp-content/uploads/2024/02/6.png"
"https://www.echipadetocilari.ro/wp-content/uploads/2024/02/Testimonial-2.png","image/png","200","OK","Indexable","","","76","","https://www.echipadetocilari.ro/wp-content/uploads/2024/02/Testimonial-2.png"
"https://www.echipadetocilari.ro/wp-content/uploads/2024/02/Our-Clients-pic-2.png","image/png","200","OK","Indexable","","","80","","https://www.echipadetocilari.ro/wp-content/uploads/2024/02/Our-Clients-pic-2.png"
"https://www.echipadetocilari.ro/wp-content/uploads/2024/02/3-1.png","image/png","200","OK","Indexable","","","66","","https://www.echipadetocilari.ro/wp-content/uploads/2024/02/3-1.png"
"https://www.echipadetocilari.ro/wp-content/uploads/2024/02/4-1.png","image/png","200","OK","Indexable","","","66","","https://www.echipadetocilari.ro/wp-content/uploads/2024/02/4-1.png"
"https://www.echipadetocilari.ro/wp-content/uploads/2024/02/11-1.png","image/png","200","OK","Indexable","","","67","","https://www.echipadetocilari.ro/wp-content/uploads/2024/02/11-1.png"
"https://www.echipadetocilari.ro/wp-content/uploads/2024/02/7.png","image/png","200","OK","Indexable","","","64","","https://www.echipadetocilari.ro/wp-content/uploads/2024/02/7.png"
"https://www.echipadetocilari.ro/wp-content/uploads/2024/02/5.png","image/png","200","OK","Indexable","","","64","","https://www.echipadetocilari.ro/wp-content/uploads/2024/02/5.png"
"https://www.echipadetocilari.ro/wp-content/uploads/2024/02/10.png","image/png","200","OK","Indexable","","","65","","https://www.echipadetocilari.ro/wp-content/uploads/2024/02/10.png"
"https://www.echipadetocilari.ro/wp-content/uploads/2024/02/1-1.png","image/png","200","OK","Indexable","","","66","","https://www.echipadetocilari.ro/wp-content/uploads/2024/02/1-1.png"
"https://www.echipadetocilari.ro/wp-content/uploads/2024/02/Testimonial-1.png","image/png","200","OK","Indexable","","","76","","https://www.echipadetocilari.ro/wp-content/uploads/2024/02/Testimonial-1.png"
"https://www.echipadetocilari.ro/wp-content/uploads/2024/02/15.png","image/png","200","OK","Indexable","","","65","","https://www.echipadetocilari.ro/wp-content/uploads/2024/02/15.png"
"http://www.echipadetocilari.ro/","text/html; charset=iso-8859-1","301","Moved Permanently","Non-Indexable","Redirected","","31","","http://www.echipadetocilari.ro/"
